,Symbol,Sharpe Ratio,Hurst
0,GD/EVRG,0.24672548362181174,0.4704873595635533
1,GD/ATO,0.5958861207088204,0.44098494591447646
2,INTU/DLTR,0.6124181233285539,0.4536943754324068
3,INTU/MGM,0.932141742328624,0.3529374624147609
4,INTU/FRT,0.4223159354149287,0.3486724559332731
5,KSS/PYPL,0.7589373960417534,0.2538434363893776
6,KSS/KIM,0.8927820903203669,0.35405568783393243
7,KSS/REG,0.6119291446323059,0.406929701951495
8,KSS/FRT,1.1858054141819292,0.42978597074951436
9,KEYS/FRT,0.29683929262033315,0.42770326639621614
10,KEYS/RMD,0.540472853433816,0.35125502922542584
11,KEYS/MAA,0.6838444514701235,0.3994570272574574
12,NWSA/CMS,0.7429729769007295,0.37161906445005793
13,NWSA/AAP,0.15449625129755118,0.47006395985136645
14,NWSA/PFE,0.6145511077096868,0.49784745528041296
15,NWSA/IPGP,0.8359378204339443,0.36462868154360634
16,NWSA/FISV,0.891571882420549,0.4316177063491037
17,NWSA/BSX,0.43019163695868745,0.442587608029506
18,NWSA/COST,0.714860067578161,0.480390549422954
19,NWSA/TMO,0.5319533279507733,0.489506437071639
20,NWSA/FE,0.7593398288432688,0.38794751396032007
21,NWSA/UDR,0.2836064275793418,0.4124331964694957
22,NWSA/AXP,0.8355330784096043,0.4773933956325464
23,NWSA/NEM,0.8908189669290654,0.15277310493039792
24,NWSA/ABT,0.8830637999379527,0.45733927976715
25,HLT/HIG,0.5172463733133706,0.2880967007747959
26,HLT/ROL,0.7000689841336476,0.40459227395531333
27,HLT/PKG,0.8289662721488679,0.34753465252749
28,HLT/AJG,0.7653821338494937,0.34575303720243294
29,HLT/TMUS,0.949387394803695,0.4600756187730274
30,HLT/PGR,0.6116504854368936,0.4696904445577084
31,HLT/SYF,0.7924062195096632,0.3392152998467066
32,HLT/MHK,0.6517196343056106,0.3372127141529037
33,HLT/AON,0.7367324393641991,0.2695685493100143
34,HLT/UAL,0.865905906174362,0.3766974755784279
35,HLT/ABT,0.622889113115253,0.3420497577998607
36,NUE/BLK,0.7218243529446142,0.36327409044613884
37,NUE/DD,0.42369674949869995,0.37752846673028423
38,NUE/DHI,0.4961708988311239,0.40727952911895376
39,NUE/GM,0.27557229788467247,0.4597767191852368
40,NUE/DLTR,0.7865733280688092,0.4301007161308998
41,NUE/HIG,0.9361547580668252,0.4068421174396689
42,NUE/NRG,0.5647948365473633,0.46919110287453886
43,NUE/ROL,1.0701117972932632,0.4347730267826025
44,NUE/AAP,0.19839976068569434,0.38495274040126554
45,NUE/IBM,0.47514382835035374,0.46997904874866814
46,NUE/IPGP,0.4711984011885688,0.3632257491503414
47,NUE/HBI,1.204682819287533,0.42637869549026675
48,NUE/HCA,1.0359063707947533,0.47839877608542647
49,NUE/PKG,0.41412543574420807,0.48704790772979023
50,NUE/GPS,0.16848745650525207,0.3647352322090148
51,NUE/LEN,0.7568980187188545,0.40086255751864375
52,NUE/LYB,0.3118530625677102,0.465144695819767
53,NUE/PGR,1.9255349814484326,0.4667655847400369
54,NUE/AVY,0.7389374755253898,0.4450732561618322
55,NUE/MLM,0.6205773792703736,0.49187588121795844
56,NUE/IQV,1.4206071374066165,0.4267944140943645
57,NUE/NVR,0.7742816513554384,0.3846292299034664
58,NUE/TMO,0.32391047894267255,0.37765476863815073
59,NUE/SYF,0.5324030896048255,0.4409538817582568
60,NUE/PBCT,3.350448613286358,0.40673109385537654
61,NUE/CNC,2.953420847134267,0.4453400798235982
62,NUE/NLSN,0.7912099384069327,0.4845874289998718
63,NUE/TXN,1.021513484499209,0.30680047489758044
64,NUE/FBHS,1.5046314490107071,0.3451816900494683
65,NUE/DXCM,1.4762783355830515,0.44751361987121063
66,NUE/ADSK,0.6118621704034662,0.3971948446789105
67,NUE/MSFT,0.8874488322514057,0.22552949505487693
68,NUE/ATO,0.21544013808253032,0.35348174349881584
69,NUE/HUM,0.0515403752023612,0.42632839072919065
70,NUE/LVS,0.6959307271180192,0.42174577358931137
71,NUE/KEY,0.8704887566454761,0.3376392313935293
72,NUE/UDR,1.073544641454552,0.4128576705143362
73,NUE/ABBV,0.2584352984797778,0.491304351498108
74,NUE/IVZ,0.6064273409258174,0.4082019346659914
75,NUE/EQR,0.37335505702468597,0.45877880178877994
76,NUE/XLNX,1.163374398871972,0.3944567940863417
77,NUE/WY,3.063468178575034,0.4866202167678671
78,NUE/MOS,1.4208441660689564,0.22253694230666501
79,NUE/ABT,0.8822885460869773,0.31222621999286654
80,DTE/TMO,0.9724762615905181,0.38083126790778143
81,DTE/UAL,0.791231732776618,0.29792468611591405
82,CNP/CCI,0.6478687254608528,0.20466908088923763
83,CNP/WM,1.0616429199268427,0.3834621839275458
84,CNP/AMGN,0.5396054418636821,0.38141313882396316
85,CNP/BIIB,0.9620879793926601,0.4254703618188028
86,CNP/KR,0.5312453966032815,0.4165723260192384
87,CNP/DIS,0.686038114972845,0.2998848167914592
88,CNP/COO,0.7845013360917166,0.29700090291405706
89,CNP/SHW,0.7316732853922964,0.45550485461390744
90,CNP/DRI,0.06933457422054803,0.4633176919081175
91,BLK/AAP,1.6577746734337426,0.36076899939010537
92,BLK/AON,0.6249084559341227,0.4690312881322764
93,BLK/MAR,0.8478728825806848,0.2372873165004045
94,BLK/FCX,0.40510872884545224,0.3449039335412126
95,DHI/L,0.11374362321329466,0.27307462118013326
96,DHI/COF,1.0189279683283194,0.22191356210529561
97,DHI/MYL,2.5659439724772803,0.28986587478241826
98,VNO/VFC,0.797324685853264,0.4332680273837312
99,VNO/FIS,0.3437579986208837,0.370318097268045
100,VNO/PYPL,0.7586115335409285,0.286811108269218
101,VNO/NTAP,1.2637237440175995,0.3296498710026661
102,VNO/CDNS,0.5656328729041801,0.3483968860263678
103,VNO/ANSS,3.191057651014963,0.36200617907708804
104,VNO/PAYX,0.8191718776663747,0.3893896261090168
105,VNO/RMD,0.6529043230766512,0.3648938548449186
106,VNO/EXPE,0.5972585194805058,0.33205637648847225
107,VNO/MSCI,0.7768307352410498,0.3871321862574536
108,VNO/INFO,0.5064669102216066,0.2956139198803859
109,VNO/WAB,0.5686577235131367,0.4542725049450645
110,VNO/SYY,0.729052360631306,0.337830888982632
111,VFC/AIZ,0.8443349600330003,0.37223365929482216
112,CFG/NRG,0.7518870044712037,0.4446457834700662
113,CFG/LNT,0.726439611544249,0.4091971528439327
114,CFG/HRL,0.8075868504853623,0.4272684372735691
115,CFG/PRGO,0.9907363167909217,0.3372153493097457
116,CFG/MYL,0.02643236138833711,0.3581870224244422
117,CFG/FE,0.3658041603246945,0.3194621148947462
118,SWK/MYL,1.1088843672868747,0.2895868258080675
119,GM/WU,0.8322612028549143,0.3486200702779369
120,HFC/DRE,1.3189104077622702,0.48232801939648123
121,NWS/CMS,0.6222994410031668,0.3480761096097036
122,NWS/PFE,0.9162656982168788,0.47746520839281775
123,NWS/FISV,0.8995363603027976,0.3900814250921076
124,NWS/VRSK,0.008477517227666513,0.4763962093555955
125,NWS/COST,0.683998341017812,0.4635661216641103
126,NWS/ORLY,0.6730744082646805,0.47799045055966516
127,NWS/NVR,0.8531625123894123,0.3312752926877675
128,NWS/AEE,0.5716610982609494,0.32788615161353923
129,NWS/TMO,0.8824414558450104,0.47005732111378173
130,NWS/DXCM,0.7500548434825355,0.4976284308828497
131,NWS/FE,0.4800603130036896,0.37016950529798853
132,NWS/NEM,0.8970298253110988,0.16029758048342257
133,NWS/ABT,0.8802225259345173,0.41976521276230744
134,DLTR/NOW,0.8490588821300803,0.4358936591671732
135,DLTR/EW,0.3521891625391971,0.4610947662668207
136,HIG/XEL,0.6361254639400332,0.4471686909277032
137,HIG/ESS,0.7197348691862526,0.3689182627235576
138,HIG/PNW,0.8235226641018633,0.4396707901545618
139,HIG/HRL,0.6790448374362098,0.47703621959112574
140,HIG/MHK,0.042365632741536395,0.40492012220843493
141,CCI/MMC,0.17657396162380537,0.3163529224596071
142,CCI/FAST,0.8875444199541181,0.43761794461933223
143,CCI/ROP,0.7141303195575363,0.28513386053605133
144,WEC/PFE,0.8159633398973084,0.38300945944418985
145,WEC/HSIC,0.4807858068055007,0.37888092205298607
146,WEC/AIV,0.6443263529975971,0.3838375087231972
147,WEC/WDC,0.8386107614344273,0.44701402326196454
148,WEC/MRK,0.8960369276832869,0.3735677450853717
149,FIS/NLOK,0.9550837297000861,0.45924981610645726
150,FIS/AIZ,1.1014231380461805,0.44646070873779137
151,FIS/UNM,0.7673228163246308,0.48922365539729207
152,ANTM/AAP,0.9163690799762491,0.34150217397538307
153,ANTM/WYNN,0.31949144983525696,0.3365977606828892
154,ANTM/CHD,0.6207164665945999,0.36046107073100697
155,ANTM/AIV,0.8608211551844116,0.27283930700044917
156,ANTM/VZ,1.460832756169557,0.23906259888339773
157,ANTM/UAL,0.7467884378487679,0.307153134788798
158,ANTM/LLY,0.868922939796306,0.3893194588802888
159,ANTM/DG,0.15661634477523798,0.3617680676464028
160,ANTM/UDR,0.15265008685337478,0.284028978633457
161,LB/TFC,0.18896999188971064,0.39712392100684224
162,LB/PM,1.2457332234311087,0.3691086120439368
163,LB/CSX,0.6132442172345824,0.4704151333397841
164,LB/WU,0.6770651682490453,0.3315884434143643
165,LB/CAH,0.599238553251174,0.37548610246905967
166,LB/CMS,0.7962261075111048,0.4084967327513726
167,LB/DUK,0.9047596371342176,0.38524530289432274
168,LB/VTR,0.8639252132972279,0.39698547848731586
169,LB/SJM,0.21534611518319963,0.36288234485104515
170,LB/IPGP,0.7983118703548703,0.414373516111822
171,LB/FITB,0.6320226254991146,0.42714389900499217
172,LB/TAP,0.17538394926806355,0.3270801960759593
173,LB/DE,0.724779479558001,0.4246621989096025
174,LB/XEL,1.1132916617075153,0.3952143639454325
175,LB/NOC,0.7945747183105822,0.4469167588507463
176,LB/ADBE,2.052490691116917,0.45541336729832693
177,LB/COP,0.8380596362265733,0.48483481888740626
178,LB/LNT,0.06685951570009903,0.42877582267368086
179,LB/AWK,0.8406095092366779,0.4140494257959814
180,LB/ZION,0.8789983483274547,0.4299571439052265
181,LB/NI,0.33208656158162275,0.43479379364257087
182,LB/REG,1.1051496424721732,0.40495688837713445
183,LB/PNW,0.7885320955411993,0.34932221535059343
184,LB/UNP,0.8009950248756222,0.472313187411043
185,LB/AAL,1.221843876608281,0.4275815001957182
186,LB/PEG,0.3776450087129596,0.3476316548342814
187,LB/WAT,0.9335527199884042,0.3385123347743875
188,LB/EXC,0.3401517650940194,0.3830730987202212
189,LB/EVRG,3.6213229460944163,0.40208100056302515
190,LB/DXCM,0.9052213555241732,0.4972988638130968
191,LB/SPG,0.8724481387506728,0.3826335308560922
192,LB/MS,0.7825283256855803,0.4329198452896441
193,LB/GILD,1.6062202582184852,0.40225779842185605
194,LB/ATO,0.8088356177477023,0.3502156055366063
195,LB/AEP,0.8006240467337234,0.3834514688299002
196,LB/MAA,0.7376945978202409,0.4050600114454243
197,LB/FE,0.8544756028348154,0.3830330714869405
198,LB/INFO,0.8581831847802199,0.4753628230180672
199,LB/UDR,1.0011869710712744,0.392565439887173
200,LB/WST,0.8298972579437978,0.4744240850746967
201,LB/WELL,0.894328616867266,0.39864840298249365
202,LB/ETR,0.8891340258761186,0.3888374721299411
203,TFC/AES,2.3154846245679876,0.3884883812747284
204,TFC/AAP,0.7746401137184706,0.371003714055226
205,TFC/FISV,1.6903981970310444,0.27862474740390697
206,TFC/VRSK,0.6918205347429653,0.3544330460650313
207,TFC/BSX,1.2455237846349148,0.37413351484093926
208,TFC/COST,0.4932475232472712,0.3191061235086006
209,TFC/WYNN,0.5692347455254261,0.23783367561986407
210,TFC/PGR,0.2806702113492857,0.4975912278660862
211,TFC/AAL,0.8272602400489413,0.38134144058821523
212,TFC/IR,0.6985636558199799,0.2777984573506562
213,TFC/CNC,0.8117302748931909,0.3743867665262064
214,TFC/MSI,0.578082238039571,0.33358741930123764
215,TFC/TSN,0.9970342412649342,0.44599399947335444
216,TFC/MKC,0.6303730631535986,0.3870465091812018
217,TFC/XRAY,0.4852218492862815,0.3763050043629721
218,TFC/WHR,0.013661945553814234,0.27440159050992313
219,TFC/HUM,0.6920335514067644,0.3864325667151953
220,TFC/DG,0.7701783416069133,0.3979126160798317
221,TFC/MAR,0.722969070986772,0.3289491958358037
222,TFC/SRE,1.4380062741831412,0.3651983533462471
223,DRE/NLOK,1.0801268399444328,0.4217392387329081
224,DRE/CMG,0.8613921769744683,0.3682528935534856
225,DRE/UNM,0.7902530596834927,0.46283251859891916
226,V/CSX,0.6828115583468188,0.3263258353423535
227,V/MGM,2.1912130869255906,0.34099623728689527
228,V/COST,1.0169034213982242,0.2463788706543988
229,V/REG,0.7333409533838844,0.36240277669124343
230,V/ILMN,0.4293523188413576,0.28038859481570505
231,V/ATO,0.6038191830751527,0.2728710077312709
232,DISCA/AEE,0.6554869065645437,0.4120547247073616
233,CSX/PLD,0.8324045753550919,0.35205481263782684
234,CSX/MSFT,0.685988821202035,0.31049849002393864
235,CSX/HUM,0.6258815166763367,0.4059079987087628
236,CSX/MAA,0.36437311298267117,0.3910205605175751
237,WU/VMC,0.9387476341273681,0.32254340407738463
238,WU/PFE,0.4205948371942877,0.4548059557111993
239,WU/GPS,0.8335538744496879,0.278751450502541
240,WU/AJG,0.8873702646235628,0.45082276510818486
241,WU/BK,0.7713187860907567,0.2272783974174629
242,WU/MLM,0.5406277418161042,0.3349715039013771
243,WU/TMO,0.183006535947721,0.46220656593405723
244,WU/BLL,0.9232694017874419,0.4442827680738824
245,JBHT/LYB,0.8703529640553586,0.2373654629662491
246,JBHT/PNW,1.9114512725265593,0.47920788438032236
247,JBHT/RJF,3.0150152418227147,0.25261004963085365
248,JBHT/TROW,0.8728787534532046,0.24842166702712776
249,JBHT/APTV,1.3470553429086758,0.2915279036715455
250,PYPL/VTR,1.1392332751453218,0.2960350774799914
251,PYPL/NSC,2.5447545626991053,0.37009246844901733
252,PYPL/KIM,3.066224354546651,0.24261230975135029
253,PYPL/NLOK,0.8916435506241333,0.45725281502399
254,PYPL/CDNS,0.8328935399083227,0.3128251232664637
255,PYPL/AIZ,0.2498405911256023,0.36700503368825954
256,PYPL/REG,0.8134924066148722,0.2823483243381266
257,PYPL/DLR,0.47255993037790467,0.29733548358323664
258,PYPL/FRT,0.5909936808523671,0.2554205483248536
259,PYPL/RMD,0.8757362626438351,0.2357247267605551
260,PYPL/CDW,0.8087204353522891,0.236163842715541
261,PYPL/ROP,1.141505158149294,0.22539172409835873
262,PYPL/SPG,0.9476943864707115,0.2419204499194745
263,PYPL/VRSN,0.7881131475791935,0.2541266106717976
264,PYPL/EXPE,0.842864887373408,0.23746077470539967
265,PYPL/MAA,0.897569319962715,0.29137221626018517
266,PYPL/WST,0.48720185026528623,0.4852051240297307
267,PYPL/WELL,0.6045398821528872,0.2937159748446879
268,PYPL/WAB,1.206816309704454,0.4427271649255893
269,ABC/NDAQ,0.7331910352187828,0.456735460447319
270,ABC/GIS,0.6166085189587112,0.3543380677528792
271,ABC/DISH,0.7095682732381687,0.37119192472080564
272,MA/NTAP,0.4672219314896354,0.43405376956022346
273,MA/CRM,0.6367269094541868,0.35055350229531307
274,MA/FRT,0.8869082915787749,0.4298158856651661
275,MA/MAA,1.3559868329557168,0.4322017194325588
276,TDG/CAH,0.567598490036662,0.40499939199669666
277,TDG/PLD,0.7115378357399912,0.3243671787193475
278,TDG/LNC,0.5790999896588804,0.39657319997656054
279,TDG/CMG,1.8341002108872064,0.4220942399428073
280,TDG/RMD,1.0896803164206645,0.2505248769081679
281,TDG/ITW,0.5487362799657308,0.4015201522257157
282,TDG/MAA,0.6874707003781607,0.37596575652687964
283,PH/NCLH,0.9004405505637553,0.4732071505017212
284,PH/MET,0.5260214238316537,0.420859346222618
285,LUV/LDOS,0.5308569602763737,0.32299424200053023
286,CAH/ADBE,2.282157287653368,0.3874945148477605
287,CAH/STE,0.3748241692976294,0.44031681046992316
288,CAH/DPZ,0.9206034140531957,0.380352327907435
289,CAH/UNM,0.5256842005407063,0.2944509384087502
290,CAH/TRV,0.7726316746814011,0.2998828431642389
291,MGM/AES,0.7702112196841073,0.27750103733564624
292,MGM/FISV,0.5376313245669386,0.21279112409647485
293,MGM/VRSK,0.3945439241523524,0.2512904513885702
294,MGM/COST,1.153478099733652,0.35468032902129715
295,MGM/AEE,1.0611660668443288,0.2612227962648648
296,MGM/MSI,0.8759566840740783,0.3080774671156275
297,MGM/MDT,0.618255043805234,0.4315594315837266
298,MGM/XRAY,0.803436388000448,0.3456335012124051
299,MGM/EVRG,0.40684466419635484,0.3032016002781347
300,MGM/MSFT,1.5359464788890642,0.2869738671180544
301,MGM/VRSN,0.8743031681886454,0.3583458612411824
302,MGM/UNH,1.1213518771467328,0.27043684314356004
303,MGM/HUM,0.8882377757982464,0.2157403012290876
304,MGM/FE,0.03128935386998504,0.25144983779204894
305,MGM/ZTS,1.4776151918490676,0.31215823899333434
306,MGM/MRK,0.8210114642157165,0.40552430810313356
307,MGM/MOS,0.8927889872847737,0.3774944826893139
308,MGM/ADP,0.08172647018044522,0.47322854308315876
309,MGM/ABT,0.7259944785595588,0.32105398365524274
310,CMS/VRSK,0.7499874993749691,0.38459075080610544
311,CMS/COST,0.38746794028507137,0.33422366697723727
312,CMS/AWK,0.4880967539424209,0.36501241720878946
313,CMS/AIV,0.5317189988690908,0.379653193223504
314,CMS/UAL,0.571972777468649,0.30592208568157864
315,CMS/MRK,0.810926554420064,0.4205002165818883
316,VMC/BK,0.3690055527511386,0.37427215617930865
317,CB/PPG,0.008018855953841053,0.3653525208891579
318,GPN/FLIR,0.76894906482134,0.35942085911508265
319,GPN/OMC,1.1954617037917903,0.4952225949639243
320,GPN/BR,0.7929970916091373,0.4024245713574744
321,ROL/UAL,0.7910882507110839,0.25738876400030847
322,UPS/CMG,0.861660625847329,0.459425058720674
323,VTR/CDW,0.7441316180625432,0.344929470949813
324,LIN/HPE,0.7472417758792809,0.45365511908305045
325,LIN/CDNS,0.789814201048599,0.3217897148076924
326,LIN/XOM,0.27507339881838294,0.3275285139878635
327,LIN/KMI,0.6419043526525995,0.31772839022990773
328,LIN/EXPE,0.7927541638421202,0.28255114507958373
329,STX/TMUS,0.5838725607183859,0.477789196005607
330,SJM/FFIV,0.8760174319490677,0.4073181188626281
331,AES/EBAY,0.3508601103537714,0.4332552306036007
332,AES/MS,0.27698647964715334,0.41502662955117936
333,AES/ATO,0.423564676043341,0.22701428918820699
334,AES/O,0.5285131662698314,0.37553583531208024
335,AAP/AWK,0.11953000286409265,0.46879133762211705
336,AAP/REG,0.4630299672815448,0.3841412838294141
337,AAP/FRT,0.830105245172863,0.3268449785562763
338,AAP/AVB,0.19126566922764807,0.37226720612210557
339,AAP/UNH,0.6412582369652787,0.30874914300354755
340,AAP/LLY,1.3537247727536572,0.39645503484516303
341,AAP/O,0.8175049273669608,0.4032346543076611
342,AAP/RSG,2.6693999429830746,0.2396126769671905
343,AAP/ABT,1.0473550334167907,0.28891912059093117
344,IBM/AIG,0.4156709988778439,0.3682442182033349
345,LYV/WELL,0.7035763513212996,0.4058912534077106
346,LOW/TTWO,0.907405264010741,0.458215373433325
347,SYK/PPG,1.340936035272961,0.47370599363036614
348,SYK/UA,1.1347166314820605,0.4325388872284192
349,SYK/CMI,0.40823955883718044,0.4738475630309367
350,SYK/CRM,1.3417198393091825,0.28203521808684007
351,SYK/CMG,0.44330011690698035,0.3924654064696761
352,SYK/UNM,0.09620859505629915,0.435906350326315
353,SYK/OKE,0.8028313419298877,0.29832020418996175
354,SYK/PEG,0.6248288281528417,0.3862060616170327
355,SYK/CDW,1.2298758236748486,0.3690214809719854
356,SYK/EVRG,0.9261692750465158,0.36149507308095513
357,SYK/GS,0.40572544117621995,0.47800952572609245
358,SYK/HES,0.9105989423854883,0.41307521154719035
359,SYK/DISH,0.8535367220053742,0.49881344202780054
360,SYK/MMM,0.09876823687569103,0.4211824413300777
361,PFE/TMO,0.6726356106982655,0.30628464638895525
362,IPGP/FCX,0.653091954095253,0.35877382330294383
363,PPG/A,1.2808380223909421,0.31826155529008365
364,PPG/TRV,1.3016382700051672,0.3922457422188073
365,FISV/FITB,0.7339151721568842,0.2667348663362851
366,FISV/BSX,0.5770075221153568,0.21663616343446745
367,FISV/AWK,0.4347007574710901,0.42349051666823784
368,FISV/FTNT,3.3761332342982637,0.3444480974744488
369,FISV/SPG,0.846941508697548,0.32560252927935324
370,FISV/MSFT,0.2856697422471127,0.2338390792920554
371,FISV/TDY,0.23199228348248005,0.3051236751042188
372,FISV/HUM,0.17132794696500372,0.3278203567526725
373,FISV/NKE,0.2780846843668639,0.28755352544882784
374,FITB/BSX,0.639587688315436,0.3262256038841198
375,FITB/AEE,0.31058255773871496,0.32366962313071523
376,FITB/EBAY,0.8602043811946929,0.3849332715235936
377,FITB/MS,0.7227074841250029,0.2923140050122497
378,FITB/ATO,0.45736223783812946,0.23735510486743466
379,FITB/MAR,0.8884793603176112,0.3380922025822404
380,FITB/MOS,1.4136048382319264,0.3147069715422438
381,LW/PEG,0.44570894975591274,0.3101025166971075
382,TAP/WAT,0.2726415932798001,0.35398637432740326
383,TAP/INCY,0.8489414572617621,0.37529272142947456
384,HCA/UAL,0.10442414472504925,0.46206350789124373
385,MCK/VRSK,0.8207917420834746,0.40800682172874436
386,MCK/NEE,0.318034575647001,0.4087102064421238
387,MCK/NLSN,0.8734529624661477,0.3827024421815412
388,MCK/MSI,0.30703962355864867,0.4239845471526703
389,MCK/ATO,1.208229936311835,0.3444082519570128
390,MCK/FE,0.6575635647632934,0.40968478448972234
391,MCK/ETR,1.266232902464302,0.39802440171366577
392,GRMN/REG,0.944778472110174,0.4404466139755738
393,GRMN/AMD,0.8240304075455763,0.46500882608705224
394,GRMN/TT,0.7833457909503532,0.19724235896793776
395,GRMN/ROP,0.7306324749488202,0.19932309396751513
396,GRMN/WST,0.8875393612235717,0.46263574078779274
397,FLT/BAX,0.9073151516555833,0.3086411278167365
398,FLT/FLIR,0.7632015155103011,0.38814315366387636
399,FLT/NOV,0.8868375043143202,0.3454439481920189
400,FLT/HD,0.6979876216959177,0.3548923789525629
401,FLT/EFX,0.8142006447237617,0.3731929521315414
402,FLT/APA,0.9728547162180465,0.40549922374427094
403,FLT/ALGN,0.4882292732855735,0.47399127425611315
404,FLT/EQIX,0.8210234232750822,0.28746737223082486
405,FLT/DGX,0.845631367706081,0.20936432707438457
406,PEAK/RSG,2.719693266460951,0.3558263877045118
407,AMT/FTI,0.26013368368017836,0.49482035089275345
408,XEL/AIV,0.025793568007081547,0.366454784397807
409,XEL/UAL,0.5534715470243138,0.2972420626024354
410,XEL/MRK,0.7950000512499852,0.39548183859187336
411,JKHY/CF,0.38518290808485584,0.4225967727076957
412,HSIC/AWK,3.1170541277231196,0.3628655635863406
413,HSIC/AIV,0.8216435546439563,0.42282013510153194
414,HSIC/UDR,0.8364917673604855,0.41091404002861787
415,GPS/TEL,0.9020884532912966,0.2962274727931456
416,GPS/LEN,0.9017348708550539,0.3420030985926033
417,GPS/KHC,0.6193521373377427,0.23460735041169128
418,GPS/ESS,0.976788423350359,0.2759209013739245
419,GPS/LYB,0.8715577476366623,0.316003620926004
420,GPS/WRK,1.1529250359035539,0.43241123921121977
421,GPS/AJG,0.8824179571295867,0.4100312443783265
422,GPS/AWK,0.9462288982032386,0.3381813785997688
423,GPS/PGR,0.796110264879767,0.36183159049697206
424,GPS/PNW,2.083992640676523,0.3233545427922862
425,GPS/YUM,0.8523505787857317,0.41938313303682745
426,GPS/AIG,0.8564177668655281,0.3585133710160071
427,GPS/ULTA,0.5986353602247624,0.48714639045388825
428,GPS/AEE,0.9041851908630998,0.2890584441317335
429,GPS/PBCT,0.7743325886308758,0.33285083742475297
430,GPS/AMAT,0.8717529448730035,0.3299967928325423
431,GPS/MHK,0.137782376271737,0.3912702632579283
432,GPS/ANET,0.9030782352485072,0.239700815643339
433,GPS/BLL,0.9234900766629431,0.4247850733261643
434,GPS/MKC,0.7841920690585363,0.3334886678795323
435,GPS/FBHS,0.834725768731768,0.3559984287231463
436,GPS/AON,0.8271944149234908,0.41496090239119005
437,GPS/AOS,0.7587862122198921,0.3731555049049274
438,GPS/MYL,0.8359849106117757,0.3617055007523109
439,GPS/LVS,0.8244412843875634,0.27244121159981666
440,GPS/MOS,0.8123246408362802,0.34746522525572093
441,GPS/ABT,0.905100830367734,0.3601337083391109
442,VRSK/PLD,0.3974633205796443,0.3030568641559882
443,VRSK/DXCM,3.5971938849178744,0.37121475608790255
444,VRSK/UDR,0.2248010706532164,0.3143753278207751
445,VRSK/ETR,0.6980995365827901,0.3175521115671036
446,MMC/FTI,0.7810075941662218,0.4930868821499508
447,ADBE/CMI,0.9133167190378156,0.47104107296473624
448,ADBE/WAT,0.8399782370402366,0.406379082792309
449,ADBE/RMD,0.529034992700031,0.23479810251495506
450,ADBE/INFO,0.744943504986352,0.32514550725736474
451,ADBE/NOW,0.824042414361566,0.2015554208100192
452,VRTX/REGN,1.4170489323756494,0.3362313560372907
453,BSX/COST,0.7997592101942492,0.2402753763196333
454,BSX/REG,0.6423078298816023,0.2994682427267042
455,BSX/MTB,0.32088285229202435,0.38631184994107154
456,BSX/FRT,0.4386280068487285,0.334499055666829
457,BSX/AIV,0.8128689989427095,0.2974557151779885
458,BSX/SPG,0.9416770495452693,0.3066944724454145
459,BSX/AVB,0.31027347656650234,0.32872441231422006
460,BSX/ATO,0.6812647415057053,0.2310922551732749
461,BSX/MAA,0.8725335236832708,0.30991937772189315
462,BSX/UDR,0.5683422182893374,0.2936228167810875
463,D/CMCSA,0.8797585551787985,0.27653674456905303
464,NWL/ABT,0.12912593783249074,0.4460961130884745
465,TEL/PBCT,1.4303435649671854,0.30419422450201866
466,LEN/PRGO,1.0523227951005876,0.3100358452307069
467,LEN/MAS,1.2460772127904103,0.29144457644056676
468,L/WRK,0.5853805170304918,0.41964989024011656
469,L/PHM,1.0328918758667687,0.3085913125394178
470,KIM/PAYX,0.7134998853999525,0.3662405164008479
471,KIM/KMX,1.6201020714776602,0.3765717221302982
472,KIM/CDW,1.3051898328029923,0.32062904447943236
473,KIM/SYY,0.7425732379138129,0.3837572140444231
474,KIM/ACN,0.827348066298342,0.3538456474734012
475,CE/HST,0.8322246176818487,0.30334463965538777
476,COST/AEE,0.35531702285401606,0.2948310256793987
477,COST/FRT,0.47017060506516706,0.2859503537926437
478,COST/DXCM,0.9135762991642827,0.3294995975265309
479,COST/SPG,1.3440248070596048,0.23473097322946623
480,COST/MSFT,0.5584671383364022,0.30396815515964515
481,COST/MS,0.15640290197401077,0.34358148277091294
482,COST/ATO,0.7031672059129048,0.2708971466707572
483,COST/HUM,0.6650701677998422,0.2503986247726899
484,COST/MAA,0.7114663281204865,0.2824707604195319
485,ESS/STT,0.8467049216048413,0.4165619518985003
486,ESS/HRL,0.6239329096310783,0.3311565646417214
487,ESS/IR,0.7266591900351754,0.33576333261344166
488,ESS/AIG,0.054105183503576,0.39488184893223716
489,ESS/SYF,0.6757037229212604,0.38922493609966097
490,ESS/PBCT,0.7994967368093912,0.4088505565757672
491,ESS/MHK,0.36299646463038054,0.3945242925140802
492,ESS/ECL,0.224004598822816,0.3702221519541675
493,ESS/FBHS,0.6963209280432442,0.40657886521636133
494,ESS/PRGO,0.7983240730470216,0.2949201197931743
495,ESS/AON,0.7818835355861248,0.418653623219026
496,ESS/MAS,0.3150450357889061,0.4007762430316679
497,ESS/ETR,0.31779773122141125,0.2340523737626877
498,ESS/MAR,0.4158779218505614,0.3900608028313273
499,ESS/SLB,0.7176816013099556,0.46487337660036215
500,ESS/FCX,1.657533349144917,0.29407924277164665
501,NEE/SYF,0.602891540009209,0.4155709247652762
502,NEE/AIV,0.8595187319971349,0.2651833287746202
503,NEE/AEP,0.08742471253877633,0.36536131870644584
504,NEE/EQR,0.7607140293364606,0.32789712833830825
505,NEE/MAR,0.43126883921970444,0.3816572237231665
506,NLOK/DPZ,0.7855988578976856,0.44139289097325013
507,NLOK/MSFT,0.5653780124736525,0.44063981813614383
508,NLOK/INFO,0.9179477344214593,0.41957548607413647
509,NLOK/NKE,0.7654894675360773,0.4766188249813413
510,NLOK/ADP,1.0623818573380839,0.48786634998906947
511,NTAP/CRM,0.72099771218124,0.33654201302632875
512,NTAP/WAT,0.9014690957818923,0.44041342379202847
513,IRM/KMX,0.7444383393603313,0.38511597214490456
514,IRM/EXPE,0.7731757660988497,0.28645405744507957
515,A/OKE,0.6480855855855853,0.45664200346395867
516,A/HWM,0.8268098372012466,0.4263918495023499
517,WRK/EBAY,0.19710139122856324,0.4418775068173213
518,WRK/MAR,0.9160129409292893,0.3711778041371306
519,WRK/MOS,1.2285530744448223,0.4713812446782551
520,COF/AIG,0.5038205815222836,0.36612900079006394
521,COF/KEY,1.0477430954771856,0.43505205483664816
522,LH/FB,1.0279062783130686,0.22149705541913306
523,TFX/F,0.7927031509121053,0.4134882769167471
524,CDNS/REG,0.9008267763303082,0.34706254268316794
525,CDNS/FRT,1.1063897257082969,0.3054908528263382
526,CDNS/EXPE,1.1583883033531726,0.23814085247184125
527,AJG/AWK,0.8661353562882914,0.48363113738741187
528,WYNN/MKC,2.128305255517651,0.37555701771020267
529,MXIM/ANET,0.8914259036079167,0.20707297366374208
530,GWW/MSCI,1.1843988347757224,0.2928710411108946
531,PPL/CI,0.6997898528970252,0.3609499528631575
532,FMC/HST,0.3852584988012631,0.2932133867473928
533,AWK/AEE,0.698831466088422,0.3757893733963144
534,AWK/MRK,0.8603956387597548,0.3816806912996302
535,AMGN/COO,0.36814212341211333,0.2833865600934739
536,LKQ/PRGO,3.4698621688084805,0.3759576098344434
537,STE/EXC,0.28331938778511806,0.3531809458513857
538,STE/ITW,0.5181419553799477,0.38927962435160124
539,HST/OXY,0.7706264192490301,0.3747883603908795
540,DPZ/PLD,0.5155752066284182,0.33546996882532315
541,DPZ/NI,0.04803013100912275,0.3812688070286259
542,DPZ/FRT,0.8733811927195412,0.374891727557334
543,DPZ/RMD,0.45522484674822616,0.3512376880478931
544,DPZ/MAA,0.8508520079048435,0.309587958846321
545,SEE/PHM,0.24385633270319632,0.46335375990643135
546,SEE/MAR,0.8074608904933779,0.43002155157797994
547,SEE/MOS,1.331969551397385,0.46796388136099343
548,SEE/ABT,1.017820193936845,0.4518307503753599
549,AZO/CVS,0.02166933902954719,0.29794766970882164
550,ZION/MKC,0.7484434941198683,0.4217982017575943
551,ZION/AON,1.0431697349244768,0.4851293757811825
552,ZION/SCHW,0.8053745649008415,0.3730727029201046
553,PLD/STT,0.8548722941502015,0.3710598042024817
554,PLD/AAL,0.1807581388382324,0.36603287617308705
555,PLD/HRL,1.248093460072206,0.395501620423131
556,PLD/IR,0.2983440920572566,0.2689402929758755
557,PLD/LNC,0.948371797275763,0.25985842036899603
558,PLD/COO,0.14991286606879006,0.2994975581369387
559,PLD/TMO,0.9963790435324179,0.357777076287926
560,PLD/PEG,0.850736243479039,0.3557676849824694
561,PLD/CNC,0.8928090983637302,0.2754298660329537
562,PLD/EXC,0.2374561537288299,0.2821651923480332
563,PLD/CDW,0.3380297806577661,0.34149819980398655
564,PLD/MSI,0.22785208164279733,0.31034343892943256
565,PLD/FBHS,0.7086671522214112,0.3542016646608127
566,PLD/MDT,0.73876548313336,0.34615903557827665
567,PLD/PRGO,0.8498633756718614,0.3231746824382221
568,PLD/ITW,0.8066754951523858,0.38380051334597737
569,PLD/DXCM,0.20749101866451303,0.30928114368859183
570,PLD/MSFT,0.3697806628644324,0.2885275774565018
571,PLD/UNH,0.5905565872020203,0.21796480827383494
572,PLD/LLY,0.15874484731217198,0.48875672932296427
573,PLD/MS,0.7841175264186186,0.30760142717257055
574,PLD/DISH,0.7417255317225621,0.3869354920928945
575,PLD/TDY,0.06279159180341297,0.36756902856278323
576,PLD/TRV,0.21505312257962123,0.4065714317489703
577,PLD/T,0.3687067958713433,0.366949594601913
578,PLD/INCY,0.7921883604700702,0.410099726284983
579,PLD/RSG,0.4486458171073777,0.38191183326180955
580,PLD/AXP,0.2968157803910075,0.2496090802055118
581,PLD/NKE,0.6831113713405099,0.34498252412246583
582,ORLY/REG,0.2271137398904193,0.46317874301162193
583,ORLY/MDT,0.7860710885772669,0.22597123764257282
584,ORLY/SPG,0.6102297579912219,0.42665523368801794
585,ORLY/AVB,0.6792455856173689,0.4360927045888938
586,ORLY/UNH,1.0828622750528014,0.402725889100939
587,ORLY/UDR,0.7941815113251626,0.42835963628630996
588,NI/DLR,0.7807008030050802,0.26511045058094607
589,NI/FRT,0.996146643588351,0.354632719679609
590,NI/HUM,3.0708282172022994,0.39695424139044305
591,CAG/VZ,0.46965076502877795,0.44271922324084717
592,CAG/WBA,0.6681379218796649,0.41320349513088495
593,CAG/FTI,0.9235665965212668,0.3200600451355961
594,CAG/LVS,0.8574239356696794,0.31288309531453146
595,CAG/SLB,0.054767749963056944,0.37974528887693715
596,CAG/XLNX,0.5305825470591032,0.3637120457285755
597,CAG/APTV,1.0157480459285955,0.34697852294514486
598,CRM/FRT,0.6681158939298384,0.3930822295455479
599,CRM/MAA,1.398464348391967,0.399628984402321
600,CRM/NKE,0.7462347582251628,0.34482607342223626
601,HRB/EQIX,0.8209425583727259,0.4794721766728199
602,HRB/DGX,0.07973675105715015,0.4923784395941801
603,JNJ/HSY,0.43598023704369004,0.21641807824264445
604,REG/UNP,1.1900951018255528,0.38594112632457683
605,REG/IQV,0.7701185864209265,0.43573347512415284
606,REG/ROST,0.6961040539719207,0.27390638013519325
607,REG/HPQ,1.385447038108827,0.4020624963639097
608,REG/ISRG,0.7909327535201692,0.34709601815068963
609,REG/COO,0.02004017835267118,0.4012140417250671
610,REG/PAYX,0.2402660998610526,0.4617321661731428
611,REG/CHD,0.4644578483826307,0.33539396693957346
612,REG/ICE,1.3412421884749994,0.34483376857377984
613,REG/CNC,0.7374697745671617,0.28616328174159383
614,REG/KMX,0.7163040086243532,0.41512423177389324
615,REG/RMD,0.9077005436437979,0.4295302855933936
616,REG/CDW,0.6239346694691583,0.39195167004986353
617,REG/ILMN,0.8594508745669335,0.31479770813431807
618,REG/JNPR,0.8865705162742947,0.3673868400653127
619,REG/TT,0.07076151094178061,0.45366756026812116
620,REG/MDT,0.8251289673865517,0.37556805646977365
621,REG/ROP,0.5837582467897371,0.38246343355806356
622,REG/^GSPC,0.9148435617413874,0.37169205590021526
623,REG/SPG,0.6257414996538013,0.41346867834550366
624,REG/MSFT,0.3255235364453695,0.37639468787671393
625,REG/VRSN,0.4423999107839923,0.31037260816075135
626,REG/UNH,1.1834194653513266,0.30499636599532653
627,REG/WHR,0.9065883254089095,0.46486250955929687
628,REG/PKI,0.8002337265399472,0.45492962572577333
629,REG/TDY,0.7308861917704991,0.3518939084459792
630,REG/HUM,1.2939466323901623,0.34747174789255264
631,REG/EXPE,0.8439767213268217,0.2971526472279745
632,REG/GLW,2.0343480560498013,0.3659986824641153
633,REG/INFO,0.7790397065647295,0.28555946682336336
634,REG/ZTS,1.1340470635510924,0.3559908600224465
635,REG/WDC,1.3704019998804013,0.471127018711856
636,REG/RSG,0.7336068303208714,0.3553222107005293
637,REG/AXP,1.0019399156752793,0.3475563193249519
638,REG/ACN,0.5894741163430391,0.41631448089676826
639,REG/J,0.016909162406569332,0.34296269172849747
640,REG/NKE,0.4986966111890959,0.3891317544204432
641,REG/NEM,0.25247875271734377,0.44842665380289826
642,REG/ADP,0.8765238644772461,0.36048128727737877
643,PNW/AON,1.9063760077294667,0.45343738814852214
644,STT/MAR,0.8445038539701082,0.36402242191701906
645,STT/FCX,0.628213769033458,0.3568101654136247
646,STT/MOS,0.5999665327032769,0.38989775209169975
647,OMC/DLR,1.5198867337493285,0.49252665101007304
648,UNP/ISRG,0.6468291597996777,0.34249300401574695
649,UNP/MDT,0.33915375916243806,0.2597048428093107
650,UNP/HUM,0.8721668205346949,0.42612167660630584
651,COTY/PEG,0.806886913470265,0.33394872914229357
652,COTY/EVRG,1.6836080374219575,0.41150759018713184
653,COTY/ATO,0.806583884569261,0.30429159553953367
654,COTY/ETR,0.9170441159391436,0.3836794389053939
655,WMT/HSY,0.6540755057720414,0.4367096848572876
656,NDAQ/PSA,1.9280407777420188,0.3816157080959854
657,IR/BWA,0.7832565700352203,0.29403753364151924
658,IR/ZTS,0.873065659805555,0.35416134924331577
659,IR/MAR,1.2108493992797067,0.32782874440286985
660,ROST/LRCX,0.8453954183602838,0.4901965149753048
661,NVR/F,0.803596154412704,0.2328519267103369
662,HPQ/COO,0.0964943982652748,0.36913610947680925
663,HPQ/PAYX,0.8224542153807908,0.44996705414156724
664,HPQ/ILMN,0.8393716217844214,0.3596855393880137
665,HPQ/TT,0.6442547136250452,0.49394028175386684
666,HPQ/AMZN,0.7947433779082311,0.44028699370290103
667,HPQ/SPG,0.23453766074706248,0.40304859654813885
668,HPQ/ATO,1.4561120044123763,0.4000531778251199
669,HPQ/WELL,0.4621789784194793,0.46439221247242596
670,HPQ/ACN,0.39452121163016113,0.4443473492411609
671,HPQ/NKE,0.8237590433640889,0.4151964878407021
672,HPQ/ADP,1.3726866007029896,0.4206013702440693
673,MTB/PEG,0.21725051874062182,0.3778146727273149
674,MTB/ADP,0.21250614470577742,0.46294100311447983
675,CMG/MAA,0.3770717065623533,0.3862279010395412
676,CMG/INFO,0.6264265834843155,0.32289721442261793
677,ISRG/CNC,0.7898234717406135,0.3515972036403974
678,ISRG/AVB,0.6897204381147364,0.3656275714495515
679,ISRG/ATO,1.0238231965896125,0.2638793979701503
680,ISRG/SYY,0.7245918011744696,0.25908605174311927
681,ALB/CTL,0.7363583759209851,0.41032790260766056
682,ALB/CHRW,0.845049762736,0.4858292283625989
683,ALB/SYF,0.7834583861153519,0.412065030969949
684,ALB/HD,0.5552293904418834,0.4604282966806119
685,ALB/NLSN,0.9581943294788505,0.441776968470621
686,ALB/ECL,0.8605041484567651,0.42244444353144184
687,ALB/^GSPC,0.32230956898888485,0.4554549795405248
688,ALB/XOM,0.5339081799114398,0.41167294925913556
689,ALB/UHS,0.07680945347118215,0.4375943736269654
690,ALB/MKTX,0.5170715217076328,0.4732999134963411
691,ALB/FRC,0.6468614814160865,0.46478451997684495
692,ALB/KEY,0.6394967374454701,0.43695979102032123
693,ALB/EW,0.4306973900170662,0.4607417141859716
694,ALB/FCX,0.8162018104121685,0.4840592384442396
695,ALB/CVX,0.11936946853945338,0.4533374396039301
696,ALB/CINF,1.1767285848950926,0.39669587642281184
697,LRCX/LLY,0.7689677478976086,0.46400424039822924
698,LRCX/MOS,0.5894949539100824,0.4439543327507638
699,LRCX/ABT,0.3717709054807109,0.43604779942862676
700,AEE/AIV,0.6105994820973091,0.25887468500318317
701,AEE/UAL,0.6537276221475862,0.23078828402503238
702,AEE/UNH,0.6778039114605179,0.2877972532232315
703,AEE/MS,0.6304440215081548,0.3382818846384045
704,AEE/UDR,0.19098806662431356,0.3031682593433066
705,CTL/TDY,0.7118363230314814,0.4355027293922473
706,CTL/SYY,0.8057271632280374,0.28578862761291024
707,CHRW/LDOS,0.9867101084983205,0.27725392614679484
708,COO/FRT,0.2483463619963904,0.3886549806585696
709,COO/AIV,0.09665763324298215,0.37128445758348333
710,COO/VZ,1.12821582451572,0.3559731296518248
711,COO/TT,0.39574771143180815,0.2874738493388001
712,COO/SPG,2.0498967315252203,0.35797270406993076
713,COO/UAL,1.0220284051509145,0.28782877515159255
714,COO/LLY,0.07360229746625727,0.4459215307788261
715,COO/UDR,0.21609266456948786,0.3694329923737242
716,COO/RSG,0.6627546202617061,0.30901651686246046
717,COO/AXP,0.6403330515942232,0.28743002951935104
718,COO/NEM,0.9041661531009751,0.4511857985067795
719,FRT/TMO,0.27278016144278955,0.44835412461894847
720,FRT/ICE,0.7427090167625046,0.3008080612154796
721,FRT/CNC,0.8139240624098689,0.32521492162808785
722,FRT/EXC,0.8068211453574291,0.23825185372944319
723,FRT/RMD,0.7579864472410441,0.42449220231410334
724,FRT/CDW,0.8096815019935863,0.33350836109722765
725,FRT/ILMN,1.4989934280045456,0.30443270078484763
726,FRT/MSI,0.9143967539249089,0.4176381841554396
727,FRT/TT,0.7000509913314744,0.43246341752366785
728,FRT/MDT,0.9898706123729054,0.3723047999208383
729,FRT/ROP,0.6614358505577901,0.3518229713325264
730,FRT/SPG,0.6069091615152454,0.37613504284214994
731,FRT/UAL,0.17915657541270164,0.22538205420004415
732,FRT/AVB,0.3034513983213277,0.4024597689006878
733,FRT/VRSN,0.9781770004421108,0.2745099190145014
734,FRT/UNH,0.7196484391426848,0.34312751816126574
735,FRT/TDY,0.900595927415146,0.39933047919089754
736,FRT/INFO,0.8643000597079732,0.2614307135674554
737,FRT/WELL,0.633306113969504,0.44077108290475725
738,FRT/ZBRA,1.2635031023941439,0.3353705562776447
739,FRT/SYY,0.6640914848978092,0.37434432329758927
740,FRT/NKE,0.6945538959650563,0.39842967516844713
741,FRT/ADP,0.9535483305994702,0.3508582115323077
742,TMO/UAL,0.8749496289031437,0.29335850039816497
743,TMO/AEP,0.5360157653185824,0.39792062029874065
744,TMO/ES,0.6062992125984262,0.4260075876852584
745,TMO/WDC,0.7264807647597799,0.4755573219057996
746,TMO/FCX,0.6694761196496423,0.43413592919432464
747,PEG/AMAT,1.8699577591363883,0.45434375960893414
748,PEG/ECL,0.46737683089213666,0.41221892542655314
749,PEG/XRAY,0.5298984580669436,0.4307593707422954
750,PEG/GS,0.8229806517852405,0.35040738523328274
751,PEG/PNR,0.7818427740872861,0.4125731480869572
752,PEG/UDR,0.68469675710615,0.36713827702279767
753,PEG/T,0.5819310604318684,0.35156898394709374
754,WAT/CHD,0.9178661964780518,0.30314294315762
755,WAT/AIV,0.607466153190884,0.2902248057856243
756,WAT/CBOE,0.002909825040350359,0.44260304709408893
757,WAT/KMX,0.06864114743411487,0.45289867515185983
758,WAT/NLSN,1.4288532249798547,0.43061169960025636
759,WAT/AMAT,0.8104891904431687,0.42007936118349215
760,WAT/EXC,1.095594285738852,0.3420861883182391
761,WAT/CDW,0.6609585813553654,0.35979894105611154
762,WAT/ILMN,3.031859361901263,0.4341679467512024
763,WAT/TTWO,0.823180974272831,0.49711268224135724
764,WAT/ECL,0.9873360603526355,0.433887364147565
765,WAT/MSI,0.5225049309996801,0.32979774356358954
766,WAT/TSN,1.4502692740998133,0.3653033992917699
767,WAT/TT,0.8602942203718965,0.4289579282440618
768,WAT/FBHS,1.7405875916227915,0.34404471794940117
769,WAT/PRGO,0.29077693212807126,0.36167970394333243
770,WAT/ITW,0.5172463733133758,0.3231215223141416
771,WAT/EVRG,0.5844069487158176,0.3354082924961854
772,WAT/SPG,0.8599616294864793,0.3234614811178138
773,WAT/ADSK,1.259588323220424,0.4197396005115648
774,WAT/AVB,0.8651774239147577,0.32827083590111195
775,WAT/EBAY,3.583111272668684,0.40746494512596787
776,WAT/CSCO,0.4663108739159487,0.49403344358999507
777,WAT/WHR,3.6831899937305295,0.37332028160738984
778,WAT/TDY,2.3423991388077283,0.4610013535085846
779,WAT/MYL,0.05308479274439667,0.3147403015044239
780,WAT/O,1.1124601154271885,0.360977598592281
781,WAT/SNPS,0.6648623811122925,0.4403069831757446
782,WAT/MAA,0.669920346314058,0.3450884913212876
783,WAT/EXPD,0.5294702011275679,0.4611456063604864
784,WAT/FE,1.020331795265991,0.3555426939406324
785,WAT/INFO,0.7477899853832805,0.45986693472762646
786,WAT/UDR,0.8002541502082283,0.3200230590278789
787,WAT/INCY,1.873003582223257,0.3589206514400691
788,WAT/RSG,0.5927267428468491,0.3621808819699694
789,WAT/NOW,3.1865877237968907,0.3645038625881234
790,WAT/AXP,2.5728334158360786,0.4345043033561933
791,WAT/IVZ,0.5083890652513073,0.24094773573749562
792,WAT/ETR,0.861879406910173,0.353571755732323
793,WAT/EW,0.29112468381068024,0.3462836250569127
794,WAT/ZBRA,0.6180552551791394,0.412646216174753
795,WAT/SYY,0.40493851019290283,0.4195784501305069
796,WAT/PFG,0.033606217495694105,0.45685493715189235
797,WAT/NKE,0.6394696075699173,0.395645417200133
798,WAT/MOS,0.68208551899539,0.35730477918010284
799,ORCL/NBL,0.5466497415903505,0.4876648097901921
800,ORCL/MU,0.9075503619403329,0.4870606900704952
801,ORCL/INTC,0.9391898875897347,0.36322265227856876
802,ORCL/MO,0.34247295920045434,0.49916815211450155
803,ORCL/CMCSA,0.5265487773122223,0.4185505256566814
804,CHD/AIV,0.20594824179927654,0.366674887349426
805,CHD/MKC,0.7856492149402494,0.25873709354545227
806,CHD/AEP,0.8352852036698448,0.33168447658036504
807,ICE/STZ,0.041956508727995806,0.4773782602224382
808,ICE/GS,0.24041017850359353,0.47095983767133376
809,ICE/UAL,0.7771041369472176,0.22073368142277153
810,ICE/FTI,0.7960640358927292,0.4846879069403171
811,ICE/LVS,0.8106419238780526,0.4559442111309665
812,AIV/CDW,0.5799554752803797,0.3970175678635864
813,CNC/HUM,0.48424459879119197,0.3717520843037335
814,CNC/MAA,1.1706721503722957,0.230969591883461
815,ALXN/ACN,0.394896572484263,0.31966098477884014
816,CBOE/RMD,0.5661793414602407,0.45412947993890646
817,NLSN/TSN,0.7027569294790775,0.3176272757933293
818,NLSN/MSFT,1.1483915821913862,0.4721190933597823
819,ALK/PXD,0.9812186983929083,0.4611987394465351
820,AMAT/LLY,0.5279546846473141,0.4704210544994211
821,AMAT/MOS,0.9729021743148808,0.3681572787833439
822,AMAT/ABT,0.7379104359826448,0.416954068110868
823,EXC/CDW,0.15814286315609904,0.36130334574581635
824,EXC/EVRG,0.3489371398808678,0.28038275531468815
825,EXC/MS,0.7230070356212964,0.34796316084595247
826,RMD/AMZN,0.9302360657255775,0.2961170572353453
827,RMD/ITW,0.18834158277146837,0.28043187846903617
828,RMD/VRSN,0.4885989086365155,0.2861926758466726
829,RMD/INFO,1.6210694356412045,0.3397093217067963
830,IDXX/CTAS,0.7116992446520188,0.37238036947932734
831,IDXX/AMZN,0.4867070648921052,0.25208776197147714
832,HON/QCOM,2.0886652761531703,0.4298264284545717
833,MHK/ZTS,0.8693954314521923,0.47389174715602156
834,MHK/FCX,0.9187751289444829,0.31518841688849114
835,CDW/AVB,0.5403355550448232,0.3876088600374273
836,CDW/UNH,0.960777504284625,0.35744237943463736
837,CDW/MAA,0.46682306523418904,0.38952684874957705
838,CDW/UDR,0.5441283734500352,0.3733630151522372
839,CDW/EQR,0.6561387823874293,0.3934327352098093
840,CDW/ADP,1.1753194483203369,0.30102679347418876
841,RTX/QCOM,0.797143784485556,0.40064840369443594
842,ILMN/TDY,0.6232173470733368,0.23000260249260518
843,IT/MDT,0.5038698154395616,0.26799353060730163
844,BWA/ZTS,0.00550270700007366,0.43136640838386364
845,IPG/CME,0.7234819157172926,0.2578041575426993
846,IPG/CXO,0.7786900665036348,0.4263451113807394
847,IPG/JNPR,1.3910367515981614,0.43303079354507273
848,IPG/TTWO,1.4098307846981495,0.3668826155126393
849,IPG/MU,0.9574618326293266,0.4836126166543543
850,IPG/VZ,0.8154624050784745,0.49446935226071503
851,IPG/TSN,0.8923605173163119,0.342999045307445
852,IPG/BLL,0.8137715908561856,0.4278920670256591
853,IPG/HOLX,0.7406907997095715,0.4814072708922528
854,IPG/TT,0.8688004508871862,0.4465275266968565
855,IPG/IFF,0.8132377547931744,0.48807109201417204
856,IPG/XRAY,0.9228847280915513,0.40730345521404787
857,IPG/PRGO,1.517077730968903,0.35722438280478425
858,IPG/AON,0.7309511120847467,0.42398625193648865
859,IPG/EVRG,0.7324020926156327,0.3575236346781738
860,IPG/MAS,1.044808255625444,0.4592310391057758
861,IPG/UHS,0.9837760666327141,0.4321794221967228
862,IPG/GS,0.9088987683113474,0.3806490233076073
863,IPG/SPG,0.9804259063729527,0.3731450727502806
864,IPG/MKTX,0.6128856901545566,0.41345461849444215
865,IPG/CCL,0.8513011152416359,0.42075240620103554
866,IPG/UAL,0.7839430608523832,0.39407642082732336
867,IPG/WBA,0.43890548570937926,0.4456326674776073
868,IPG/EBAY,0.9193131939065325,0.2602979520791459
869,IPG/GL,0.8527115798155958,0.462142464033442
870,IPG/AME,0.737118822292325,0.4955622391328507
871,IPG/JPM,0.7088495188738273,0.4305428808647206
872,IPG/UNH,0.7981816163634353,0.37725812139113474
873,IPG/PNR,0.7408684185992506,0.4343035249555172
874,IPG/MS,0.835518199911179,0.3900593844587434
875,IPG/SLG,0.6001765287961917,0.3405292023597352
876,IPG/DRI,0.8481961912424388,0.47205964264573685
877,IPG/AOS,3.1654709865003494,0.4483267414280515
878,IPG/INTC,0.8804242547441682,0.34557830820643065
879,IPG/HAS,0.8861747899924871,0.350513373366934
880,IPG/FTI,0.7771761533919377,0.4466421120762512
881,IPG/USB,0.05065108457835278,0.42874138881130225
882,IPG/ATO,0.8256533640183414,0.2896180323973055
883,IPG/MYL,1.1893797772327424,0.49688631082054147
884,IPG/LHX,2.305573332161016,0.4284864618188535
885,IPG/HUM,0.48945063965500557,0.3896240437509872
886,IPG/BA,0.7262374069207215,0.4097835153644814
887,IPG/DG,0.8061508340360372,0.3826079057855885
888,IPG/KEY,0.8217786490821599,0.3813733096824148
889,IPG/MAA,0.34328430777340485,0.44800717811227847
890,IPG/ES,0.826928235792971,0.47266000553091275
891,IPG/FE,0.7206898959569874,0.2607787085815599
892,IPG/INFO,0.8986356356559287,0.43243922073338714
893,IPG/UDR,0.948155618547843,0.43889877619527873
894,IPG/VAR,0.9176720961919229,0.29209661590210256
895,IPG/ZTS,0.9481085729640608,0.35325072773517874
896,IPG/F,3.300404470366725,0.4400719697572095
897,IPG/TRV,0.7074612020419228,0.4361891063434373
898,IPG/T,1.1168218924157318,0.421088362297852
899,IPG/ABBV,0.9127985559440865,0.4811199250307485
900,IPG/AXP,1.142150744895768,0.41497075938115274
901,IPG/WELL,0.8206680116565807,0.4779859823731461
902,IPG/SCHW,0.9297957407075887,0.4523447777557554
903,IPG/ETR,0.5829336447428729,0.34535107072454185
904,IPG/EQR,0.08717097744832221,0.4683297774304703
905,IPG/SYY,1.9334660707392282,0.4474147585158304
906,IPG/SBAC,0.6328649640105894,0.36240307295703583
907,IPG/FANG,0.8208864330428707,0.4391880177670373
908,IPG/FCX,1.6761886100724168,0.3528579640572568
909,IPG/ACN,0.8049712820212767,0.45552118968944466
910,IPG/ARE,0.8176840672595607,0.3372600839155672
911,IPG/XLNX,0.7813132141490361,0.4514416950165802
912,IPG/CINF,0.7849369865370533,0.41475873468870017
913,IPG/SRE,0.767271373215262,0.2795105139677759
914,IPG/HII,0.19530923100749736,0.4947581780073874
915,IPG/BIO,0.5778595208695103,0.49194429405947077
916,IPG/WY,0.12778020061054063,0.4407991861167604
917,IPG/NKE,0.592394073409825,0.4031181728255935
918,IPG/MOS,1.3697949991231044,0.3906207401164788
919,IPG/JCI,1.418674909798813,0.42653310471572337
920,IPG/NEM,0.8523908984227965,0.3705435730065807
921,IPG/ABT,1.0652016270023217,0.4719821878031893
922,DHR/ECL,0.019848076451870807,0.3640849418776554
923,DHR/UHS,0.14343226690652353,0.2950262185750494
924,DHR/UAL,1.527885924144506,0.34210966243765173
925,DHR/FE,0.8407415075408902,0.4005185707173697
926,DHR/AXP,0.5675208130608719,0.37534378812622876
927,DHR/FCX,0.745876851922443,0.3426782845807732
928,DHR/MOS,0.8173899546214036,0.33564127623886764
929,CTAS/WAB,0.8705585399003297,0.2932608413854893
930,ANET/BLL,0.8673344167689295,0.42378361383968544
931,ANET/FBHS,0.9832579820460016,0.3116595527875941
932,ANET/PRGO,0.9478114741692891,0.30997918805360897
933,ANET/AON,0.4649492872792971,0.2848597453397736
934,ANET/TROW,1.4558848863908704,0.3408342880563819
935,ANET/MAS,0.9485553546039315,0.31373366158255456
936,ANET/GS,0.8361609227416827,0.29564483433057454
937,ANET/HBAN,0.7178700648049366,0.19372994157236165
938,ANET/WBA,0.8821501467216007,0.3494961457789965
939,ANET/SLG,0.7611244524128066,0.23298497514399338
940,ANET/AOS,0.11540524500304415,0.2650327030007692
941,ANET/MYL,0.7381437113374603,0.3003686612889054
942,ANET/LEG,0.8045596239727155,0.30833955475710734
943,ANET/AEP,0.8299117241848524,0.34350058808252043
944,ANET/LVS,0.7817213454696258,0.2893865244989701
945,ANET/KEY,0.8846062229478,0.2253607594420673
946,ANET/EQIX,0.7222809025258641,0.3545768338912066
947,ANET/T,0.5717246138033099,0.3056278454391411
948,ANET/WDC,0.7069232553969734,0.3850309655720621
949,ANET/ABBV,0.9177015694310711,0.40194515764983035
950,ANET/IVZ,0.8990908081817174,0.24222102832758202
951,ANET/MRK,0.674723339632425,0.33697029984960625
952,ANET/TPR,0.4047281161254563,0.31023580683094826
953,ANET/SLB,1.131272004918243,0.4475402631542956
954,ANET/FCX,0.9239216849825209,0.34781191189758726
955,ANET/ARE,0.669242897740245,0.24755937581841117
956,ANET/XLNX,0.10808362518931494,0.3627232698039693
957,ANET/APTV,0.5908522435333506,0.32388723961103005
958,ANET/WY,0.8730585898078743,0.23530322918752433
959,ANET/MOS,0.8695388023146625,0.337271109483787
960,ANET/AMP,0.8961831744070765,0.33327077024785756
961,ANET/JCI,0.6084552102982355,0.24769986801604693
962,ANET/DGX,0.389049692919544,0.19041118605920238
963,TTWO/HAS,0.908307811072777,0.34301091660410166
964,TTWO/VAR,0.7810026799724618,0.4756299173538872
965,ECL/FCX,0.004690034411888803,0.46115147592961625
966,MSI/EVRG,0.9197038250645997,0.37433069988257023
967,MSI/MS,0.8204409969115856,0.40464214365540013
968,MSI/AEP,0.6240389495648212,0.38571273755958585
969,MSI/UDR,0.7863489190965105,0.40178334214009226
970,MSI/EQR,0.6422374470064204,0.437137719897388
971,VZ/DG,0.635349244261309,0.23469969886911082
972,TSN/EVRG,0.7718249440971112,0.3919824080083902
973,TSN/ZTS,0.7929275498995509,0.3846001797737003
974,BLL/AON,0.11634308287370837,0.35259384609514455
975,TXN/TROW,1.6176267563402975,0.11922935815262398
976,TXN/DGX,0.8933615132449145,0.2393353096098977
977,FBHS/MYL,0.7748483040448507,0.28059930671665656
978,XRAY/EVRG,0.39335112836688224,0.36859680238603537
979,XRAY/MAA,0.6649657264521899,0.415211650424814
980,XRAY/FE,0.7445558464780643,0.43035398274765696
981,XRAY/UDR,0.8359445492576498,0.4070502467147458
982,XRAY/ETR,0.6608502484271946,0.3990212856296091
983,PRGO/EVRG,0.7053059660807198,0.31920647660689155
984,PRGO/ATO,0.8368239411913475,0.25665693807656653
985,PRGO/ZTS,0.8539015588703663,0.39934033745715497
986,PRGO/IVZ,0.8007392573552116,0.25457724970690954
987,TROW/APTV,0.7154037709000348,0.33740242299513656
988,ROP/DXCM,0.6544740381925019,0.28390942813937686
989,ROP/SPG,0.8539559677242681,0.31538312280219266
990,ROP/UAL,0.7080505853727015,0.20871692195563546
991,ROP/AVB,0.4420109923834437,0.3261015336744964
992,ROP/TDY,1.3682677208030942,0.28315788604178593
993,ROP/SNPS,0.6084343246471031,0.2916669274748845
994,ROP/NKE,0.88327166186135,0.2907327585616559
995,ITW/PNR,0.9633578634801887,0.3417922705204824
996,ITW/ATO,0.5124626326975213,0.3977651509795039
997,EVRG/VRSN,0.8289018923450715,0.34139253996760377
998,EVRG/HUM,1.8367505627124272,0.3478931731726218
999,EVRG/ZTS,0.06270352636847254,0.368626717449158
1000,EVRG/EQR,0.7513458406375517,0.30861784918360097
1001,^GSPC/MKTX,0.41460559051661006,0.49214779382013796
1002,^GSPC/EXPE,0.804184575619022,0.2843311516603267
1003,DXCM/MAA,0.9261878224669506,0.24675850016873493
1004,UHS/ES,0.6814322804670221,0.4172158020067953
1005,UHS/XLNX,0.9847854676994934,0.3082378418587365
1006,SPG/UAL,0.24403211281590698,0.2302980418365345
1007,SPG/RSG,0.6064484177357267,0.30630262086339854
1008,UAL/O,2.0262161742247975,0.23617897229776041
1009,UAL/WDC,1.3182943519863424,0.483851948804031
1010,UAL/RSG,2.7998836913113454,0.23395518477680433
1011,UAL/ETR,2.2654605676649067,0.25619851409280087
1012,HBAN/JCI,0.9713566850885242,0.2479350465038362
1013,AVB/UNH,0.7545664828320929,0.3054059421096608
1014,AVB/LLY,0.7432276287071524,0.4402732082152986
1015,AVB/MRK,0.4549850256021389,0.3728851039664947
1016,MSFT/VRSN,0.754633144653767,0.3406792147613181
1017,MSFT/HUM,0.8063854092044368,0.26514756925856076
1018,HSY/CINF,0.8006935863196082,0.3765756375623879
1019,EBAY/UNH,2.1054010502412335,0.38339193555670187
1020,EBAY/O,0.511313101695738,0.4855267248914887
1021,EBAY/MRK,0.8562361178001253,0.49377579151975204
1022,VRSN/MAA,1.449330121420011,0.2892999190231982
1023,GL/INTC,0.7772282741874397,0.38104927569780705
1024,GL/JCI,0.9138135355842363,0.33645730512395705
1025,AME/TPR,0.9399585044248271,0.4588588108247165
1026,UNH/MS,0.05678173929447193,0.37470629266341254
1027,UNH/O,0.3482582200932013,0.35428193216082243
1028,UNH/MAA,0.8227743235921429,0.30000310518531925
1029,UNH/MRK,0.8212135029541296,0.25765822191337634
1030,UNH/EQR,0.4359046678888659,0.33430227804544066
1031,PNR/MYL,0.8703479213530495,0.27704125445178396
1032,FRC/SLG,0.563468859922636,0.3360820221659239
1033,MS/ATO,0.7826511538740453,0.28787882607294707
1034,MS/FE,0.6514768667770308,0.3377515984379023
1035,MS/UDR,0.021741595673835788,0.4166869485557002
1036,MS/ZTS,0.7407210547467513,0.365351699568842
1037,MS/MOS,1.0720947042657045,0.38483152861344166
1038,INTC/BKNG,0.19958577477177825,0.2178819780328299
1039,HAS/ACN,0.8637500085156242,0.2650932790530935
1040,MET/MYL,0.8859684132504703,0.3218977468871948
1041,ATO/HUM,0.5361888638946237,0.24758589590087654
1042,ATO/FCX,1.1048157639793066,0.24935566913748072
1043,MYL/ZTS,3.6131904630974647,0.3807141538309524
1044,O/MRK,0.6710309695247186,0.38898603555677785
1045,HUM/EQR,0.8418071946087893,0.35707438219613163
1046,BA/LVS,0.12141978562642716,0.3740572821451722
1047,BA/SNPS,0.88575541376533,0.4909819731615049
1048,BA/MAA,0.4002458991813474,0.4845043023060953
1049,BA/VAR,0.6480793932888728,0.3872026993594339
1050,BA/TRV,1.1849537693158052,0.4087509979752738
1051,BA/ED,0.41537562116340326,0.4795877451584501
1052,BA/ABBV,0.3177088663732894,0.4685773865909869
1053,BA/WAB,0.7221428070041794,0.4899031068336983
1054,BA/SBAC,0.6777468056652096,0.4690745452881817
1055,BA/AAPL,0.3932858282373127,0.46065703969624916
1056,BA/NKE,0.7794514958702292,0.3703402616877682
1057,BA/JCI,0.7763563984434416,0.49204931723715095
1058,DG/UDR,0.3812033397346479,0.336497285400859
1059,FE/IVZ,0.5344073004935278,0.26388699807877025
1060,FE/ETR,1.08282789147705,0.4213494424627797
1061,FE/MAR,0.35285552499595857,0.4160267931663665
1062,VAR/AXP,0.024865919063850644,0.44275583158105175
1063,VAR/ACN,0.17798371265798413,0.39872740753902636
1064,VAR/J,0.8599223970079424,0.442077505768383
1065,VAR/NKE,0.8381759189584995,0.39649043895552677
1066,ZTS/ETR,0.7568152525473578,0.31679340556810803
1067,ZTS/EQR,0.680771256643948,0.3867618432687114
1068,ZTS/PFG,1.88282068576992,0.47200135853828457
1069,TRV/T,0.584641219387871,0.34312469125019157
1070,INCY/MMM,0.7905890729378259,0.3576439722260152
1071,RSG/EQR,0.11637359724310385,0.35644604268521185
1072,ED/AXP,0.9256886801566483,0.3403034809307881
1073,ED/WELL,0.4333635539437855,0.3847772704743521
1074,ED/SCHW,0.7550070435474961,0.4318104887541069
1075,ED/MRK,0.9801952619242769,0.3741360131944932
1076,ED/SYY,0.42042424944940227,0.37550651813692765
1077,ED/CINF,0.7176537022658314,0.3719432653022816
1078,ED/NEM,0.7038967191756503,0.3422711544465445
1079,NOW/WAB,0.8342628425579874,0.3876274334253788
1080,MRK/MOS,0.8154947508256608,0.34907648496996474
1081,WAB/BIO,0.7034576834114238,0.2867501760429421
1082,ETR/ZBRA,1.0643739772499514,0.3549477793393107
1083,ETR/FCX,0.5685750032356861,0.3446353064594133
1084,EW/FCX,0.7377324346298089,0.27031434502459517
1085,EW/PFG,0.9051687758711431,0.4174373579606221
1086,ZBRA/FCX,0.19725457564190074,0.4023133058998003
1087,SLB/WY,1.235362285879647,0.4669843130100878
1088,FCX/MOS,1.0410608316233894,0.379051811222224
1089,ARE/CVX,0.5636387028865101,0.41191872655752904
1090,ARE/XLNX,0.9428171662500578,0.35344660994173516
1091,ARE/APTV,0.8723154319568941,0.44113335820820826
1092,ARE/J,0.610879800770453,0.42069697486943336
1093,ARE/CINF,0.8483593241363411,0.4177332964732055
1094,ARE/TYL,0.8499354722530686,0.47092067650132774
1095,ARE/SRE,0.7440131065289429,0.28547256285046246
1096,ARE/WY,0.34318555008210794,0.44872580012754676
1097,ARE/MOS,0.8676259373738304,0.30172825719302326
1098,ARE/JCI,0.63699353515236,0.3314439864120098
1099,ARE/ADP,0.5933310693114722,0.3643366875946296
1100,ARE/ABT,0.7034075068541624,0.3718681840366889
1101,NEM/ABT,0.7557401074743517,0.4747643584827802
