,open,high,low,close,volume
2017-07-14,0.019,0.019895,0.016806,0.018711,5283.28
2017-07-15,0.018929,0.0209,0.017443,0.019504,21121.59
2017-07-16,0.019518,0.021594,0.019359,0.021418,11790.03
2017-07-17,0.021392,0.021543,0.019077,0.019133,8425.31
2017-07-18,0.019094,0.019531,0.018557,0.01901,8218.13
2017-07-19,0.019061,0.019328,0.017702,0.017929,8221.73
2017-07-20,0.017891,0.018251,0.01506,0.015674,9511.09
2017-07-21,0.015642,0.017628,0.015551,0.017004,9278.52
2017-07-22,0.016992,0.017069,0.015864,0.016506,11920.7
2017-07-23,0.01654,0.016688,0.016083,0.016355,9985.53
2017-07-24,0.016363,0.016493,0.015982,0.016147,10636.08
2017-07-25,0.01619,0.016735,0.015808,0.016486,10238.66
2017-07-26,0.016485,0.016959,0.016332,0.016643,12192.96
2017-07-27,0.016646,0.01671,0.015666,0.015784,16535.12
2017-07-28,0.015822,0.015927,0.013592,0.014319,24586.77
2017-07-29,0.014321,0.015319,0.01419,0.015069,25069.55
2017-07-30,0.015069,0.015508,0.014374,0.014483,23339.35
2017-07-31,0.014483,0.015828,0.013014,0.014782,26190.59
2017-08-01,0.014782,0.0162,0.014693,0.015801,33527.69
2017-08-02,0.015786,0.015859,0.015265,0.015319,46221.39
2017-08-03,0.015319,0.015636,0.014927,0.015126,25303.79
2017-08-04,0.015113,0.015285,0.014879,0.014987,25640.07
2017-08-05,0.014986,0.015602,0.014005,0.014336,26888.56
2017-08-06,0.01437,0.014586,0.013738,0.014164,25709.95
2017-08-07,0.014164,0.014393,0.01348,0.013586,28553.02
2017-08-08,0.013574,0.014421,0.01325,0.014168,24378.1
2017-08-09,0.014183,0.014994,0.013718,0.013907,29372.13
2017-08-10,0.013928,0.014351,0.013624,0.01367,28192.66
2017-08-11,0.013658,0.013971,0.012882,0.013015,59622.06
2017-08-12,0.013015,0.013516,0.011993,0.012003,111515.19
2017-08-13,0.012003,0.012085,0.010729,0.010962,47964.94
2017-08-14,0.010961,0.01186,0.010425,0.010508,38245.6
2017-08-15,0.010508,0.011332,0.00983,0.010339,44285.91
2017-08-16,0.010344,0.010669,0.010003,0.010046,41845.22
2017-08-17,0.010013,0.010259,0.009737,0.010076,31348.92
2017-08-18,0.010083,0.011518,0.01001,0.011286,48633.76
2017-08-19,0.011324,0.011324,0.010675,0.010826,35423.83
2017-08-20,0.010852,0.011543,0.010632,0.011219,39417.1
2017-08-21,0.011218,0.012194,0.010988,0.011846,45099.29
2017-08-22,0.01187,0.012409,0.01109,0.01136,39282.83
2017-08-23,0.011342,0.015822,0.011053,0.012724,66644.84
2017-08-24,0.012724,0.012982,0.011538,0.011558,62578.89
2017-08-25,0.011558,0.011856,0.011363,0.011751,37290.39
2017-08-26,0.011751,0.012117,0.011522,0.01187,32149.12
2017-08-27,0.011869,0.014804,0.011711,0.014,78078.37
2017-08-28,0.013997,0.015094,0.01381,0.014249,50847.05
2017-08-29,0.014247,0.014446,0.013176,0.013774,40334.72
2017-08-30,0.013789,0.014196,0.0132,0.014139,42093.37
2017-08-31,0.014128,0.015646,0.01385,0.015362,50828.65
2017-09-01,0.015354,0.0185,0.014916,0.017796,79313.06
2017-09-02,0.017796,0.018993,0.016106,0.017216,61523.4
2017-09-03,0.017217,0.017678,0.016755,0.016935,49341.56
2017-09-04,0.016943,0.017215,0.014963,0.015711,61102.38
2017-09-05,0.015711,0.0168,0.015158,0.016695,47517.2
2017-09-06,0.016695,0.017735,0.016694,0.017306,28821.51
2017-09-07,0.017306,0.018,0.016906,0.017275,34878.29
2017-09-08,0.017275,0.0176,0.015784,0.016809,58347.79
2017-09-09,0.016809,0.016825,0.016122,0.016355,37996.69
2017-09-10,0.016355,0.016414,0.015436,0.015744,43525.21
2017-09-11,0.015734,0.016418,0.015634,0.01617,58763.64
2017-09-12,0.01617,0.016423,0.015889,0.015969,33924.58
2017-09-13,0.015952,0.016089,0.015291,0.01595,36992.48
2017-09-14,0.015955,0.016,0.01367,0.013753,71454.83
2017-09-15,0.013738,0.015002,0.011273,0.014036,77242.57
2017-09-16,0.014002,0.014583,0.013844,0.014077,38050.09
2017-09-17,0.014119,0.014197,0.013642,0.013827,32051.33
2017-09-18,0.013827,0.014044,0.01351,0.013703,44688.86
2017-09-19,0.013738,0.013941,0.013347,0.013536,35370.6
2017-09-20,0.013527,0.013597,0.01313,0.013238,24166.22
2017-09-21,0.013242,0.013526,0.012645,0.012846,34278.71
2017-09-22,0.012819,0.013363,0.012569,0.0131,43594.76
2017-09-23,0.0131,0.01322,0.012812,0.013034,40384.66
2017-09-24,0.013105,0.013155,0.01285,0.012951,35874.44
2017-09-25,0.012951,0.0135,0.0128,0.013261,30506.99
2017-09-26,0.0133,0.013691,0.013207,0.013377,31579.3
2017-09-27,0.013365,0.01357,0.013146,0.013476,39695.32
2017-09-28,0.01347,0.01351,0.012941,0.013073,38021.3
2017-09-29,0.013071,0.01322,0.01246,0.012671,33854.31
2017-09-30,0.012657,0.012901,0.012572,0.012712,32252.52
2017-10-01,0.012716,0.012741,0.012233,0.012401,36275.14
2017-10-02,0.012425,0.012425,0.012001,0.01209,38964.33
2017-10-03,0.012086,0.0122,0.0119,0.012042,37853.67
2017-10-04,0.01207,0.012347,0.01187,0.012062,35891.83
2017-10-05,0.012067,0.0122,0.01179,0.011917,37817.1
2017-10-06,0.011917,0.011999,0.011809,0.011845,35290.99
2017-10-07,0.011853,0.01197,0.011763,0.011836,34974.68
2017-10-08,0.011838,0.012053,0.011482,0.011565,36296.79
2017-10-09,0.01156,0.011604,0.00983,0.010439,36616.38
2017-10-10,0.010458,0.010731,0.010264,0.010596,35771.67
2017-10-11,0.01062,0.010732,0.010359,0.010487,35248.74
2017-10-12,0.010496,0.011118,0.009842,0.010995,61419.65
2017-10-13,0.010997,0.011098,0.009802,0.010517,105174.87
2017-10-14,0.010522,0.011638,0.010329,0.01097,98489.31
2017-10-15,0.010946,0.012154,0.010946,0.011499,96772.03
2017-10-16,0.011522,0.011604,0.0111,0.011218,91963.35
2017-10-17,0.011231,0.011262,0.010498,0.010575,72690.04
2017-10-18,0.010508,0.011098,0.010345,0.010775,65665.81
2017-10-19,0.010863,0.010911,0.009318,0.010404,65744.59
2017-10-20,0.010405,0.010565,0.009956,0.009961,65204.86
2017-10-21,0.009997,0.010025,0.00917,0.009621,55552.8
2017-10-22,0.009625,0.009996,0.009104,0.00942,55857.86
2017-10-23,0.009429,0.0095,0.008887,0.009194,73860.58
2017-10-24,0.009194,0.01044,0.008964,0.010079,71794.46
2017-10-25,0.01007,0.010168,0.009624,0.009791,60836.51
2017-10-26,0.009796,0.00983,0.009337,0.009367,60840.74
2017-10-27,0.009401,0.009736,0.009232,0.009531,63398.39
2017-10-28,0.009523,0.009749,0.009374,0.009441,56992.56
2017-10-29,0.009409,0.009842,0.009149,0.009218,61413.26
2017-10-30,0.009245,0.009575,0.0091,0.009183,52039.79
2017-10-31,0.009186,0.009235,0.0085,0.008593,54392.01
2017-11-01,0.008598,0.008687,0.007767,0.007864,57441.0
2017-11-02,0.007864,0.007965,0.006801,0.007676,62270.48
2017-11-03,0.007678,0.007984,0.007246,0.007834,56653.4
2017-11-04,0.007834,0.007997,0.00735,0.007442,58335.85
2017-11-05,0.007433,0.007513,0.007117,0.007414,51562.04
2017-11-06,0.007408,0.007997,0.007308,0.007807,55445.82
2017-11-07,0.007808,0.00918,0.007629,0.0085,95816.42
2017-11-08,0.0085,0.008911,0.007689,0.00837,85977.31
2017-11-09,0.00836,0.00939,0.007984,0.00902,71457.04
2017-11-10,0.009003,0.009351,0.008635,0.00891,72204.04
2017-11-11,0.00893,0.010394,0.008746,0.009781,83587.93
2017-11-12,0.00978,0.010463,0.00841,0.009905,88903.21
2017-11-13,0.009935,0.0103,0.009033,0.009323,69967.11
2017-11-14,0.009365,0.009692,0.00909,0.00943,68919.27
2017-11-15,0.009425,0.009566,0.008585,0.008666,71960.17
2017-11-16,0.008665,0.0097,0.008046,0.0091,103576.87
2017-11-17,0.009107,0.00915,0.008399,0.008714,104205.4
2017-11-18,0.008681,0.00899,0.008601,0.008982,71332.75
2017-11-19,0.008965,0.009341,0.00861,0.00891,77304.49
2017-11-20,0.00891,0.009149,0.008667,0.008789,77726.71
2017-11-21,0.008788,0.008889,0.008524,0.008626,75707.8
2017-11-22,0.008626,0.00873,0.008525,0.008704,81927.39
2017-11-23,0.008695,0.009414,0.008535,0.009026,100203.27
2017-11-24,0.009033,0.009499,0.0085,0.00945,103715.06
2017-11-25,0.009464,0.01025,0.00919,0.010069,125703.01
2017-11-26,0.01008,0.010129,0.0089,0.009193,102765.31
2017-11-27,0.009189,0.009628,0.008901,0.009304,96073.38
2017-11-28,0.009296,0.009665,0.009075,0.009499,92906.95
2017-11-29,0.00949,0.01,0.008311,0.008563,113899.22
2017-11-30,0.008571,0.008872,0.008327,0.008681,82433.52
2017-12-01,0.008676,0.0093,0.008393,0.009004,165036.17
2017-12-02,0.008986,0.009399,0.008901,0.009073,188185.76
2017-12-03,0.009056,0.00915,0.008754,0.008931,170139.7
2017-12-04,0.008931,0.008976,0.008499,0.008915,151782.38
2017-12-05,0.008914,0.008925,0.0001,0.0085,201594.64
2017-12-06,0.008525,0.008642,0.0068,0.007091,229982.52
2017-12-07,0.007084,0.007211,0.0035,0.00559,218329.93
2017-12-08,0.00559,0.00914,0.005217,0.007582,350884.66
2017-12-09,0.007572,0.010999,0.007395,0.010153,549758.41
2017-12-10,0.010153,0.010299,0.009038,0.00965,242091.68
2017-12-11,0.009689,0.0134,0.0078,0.012566,527786.96
2017-12-12,0.01257,0.021,0.012201,0.018125,988365.94
2017-12-13,0.018125,0.02,0.016001,0.018105,446184.7
2017-12-14,0.018111,0.0188,0.0157,0.016621,380673.96
2017-12-15,0.016621,0.018,0.0135,0.016791,352640.13
2017-12-16,0.016805,0.01739,0.014774,0.015351,201883.07
2017-12-17,0.015352,0.01739,0.015352,0.016564,335219.36
2017-12-18,0.016564,0.01945,0.016315,0.018627,324274.86
2017-12-19,0.018627,0.020099,0.018096,0.0196,316907.53
2017-12-20,0.019589,0.01966,0.018163,0.0184,286904.04
2017-12-21,0.0184,0.0197,0.018344,0.019579,238433.74
2017-12-22,0.019577,0.019748,0.01604,0.018817,258462.2
2017-12-23,0.018817,0.0195,0.018313,0.01916,150900.76
2017-12-24,0.01916,0.0197,0.01882,0.019432,316004.11
2017-12-25,0.019432,0.0199,0.019001,0.01904,341285.4
2017-12-26,0.01904,0.019187,0.017067,0.017722,353912.22
2017-12-27,0.017721,0.01776,0.017,0.017033,276779.14
2017-12-28,0.017033,0.0175,0.016128,0.017239,213690.61
2017-12-29,0.01724,0.0173,0.0165,0.016593,267352.72
2017-12-30,0.016561,0.016903,0.016157,0.016724,287311.16
2017-12-31,0.01671,0.017,0.01625,0.01632,243990.04
2018-01-01,0.016318,0.017,0.016023,0.016622,235759.68
2018-01-02,0.016622,0.018638,0.016,0.01687,345103.15
2018-01-03,0.016848,0.01725,0.01595,0.015985,356429.82
2018-01-04,0.015971,0.016271,0.015064,0.0155,505103.68
2018-01-05,0.015493,0.016297,0.013,0.014208,454557.71
2018-01-06,0.014208,0.019015,0.01412,0.016111,667963.86
2018-01-07,0.016111,0.017196,0.01601,0.016657,336906.07
2018-01-08,0.016635,0.017293,0.0165,0.016921,325671.99
2018-01-09,0.016888,0.0172,0.0165,0.01701,324479.98
2018-01-10,0.017038,0.0176,0.016602,0.016605,303983.56
2018-01-11,0.016647,0.01731,0.0165,0.01694,303886.21
2018-01-12,0.01695,0.017185,0.016796,0.016977,172015.33
2018-01-13,0.016977,0.0185,0.016706,0.018168,215121.01
2018-01-14,0.01816,0.01898,0.0173,0.017308,192213.29
2018-01-15,0.017321,0.017583,0.016817,0.017034,138708.67
2018-01-16,0.017034,0.01735,0.01481,0.01643,250422.11
2018-01-17,0.0164,0.017038,0.015011,0.016701,258417.25
2018-01-18,0.016701,0.0173,0.016251,0.01702,199062.51
2018-01-19,0.017019,0.017171,0.016514,0.016716,121412.77
2018-01-20,0.016711,0.016791,0.016037,0.016484,121380.34
2018-01-21,0.016483,0.0167,0.0161,0.016523,91922.4
2018-01-22,0.016526,0.0168,0.0163,0.016555,110166.34
2018-01-23,0.016555,0.016659,0.0162,0.01638,102942.94
2018-01-24,0.01638,0.0165,0.01587,0.015908,101364.93
2018-01-25,0.01592,0.016259,0.01573,0.01603,94670.67
2018-01-26,0.01603,0.0162,0.015683,0.01584,96141.16
2018-01-27,0.01584,0.0161,0.015691,0.015857,73448.46
2018-01-28,0.015857,0.0166,0.0156,0.01657,94997.84
2018-01-29,0.016574,0.01659,0.016,0.016126,73594.88
2018-01-30,0.016126,0.017,0.016,0.016433,123821.3
2018-01-31,0.016433,0.016486,0.0159,0.01605,81095.1
2018-02-01,0.01604,0.0163,0.015004,0.015603,128799.23
2018-02-02,0.01559,0.015867,0.013247,0.01484,180641.41
2018-02-03,0.014833,0.017601,0.014,0.01747,171436.38
2018-02-04,0.01746,0.018835,0.01695,0.018,282366.1
2018-02-05,0.018,0.01852,0.017451,0.01814,205382.72
2018-02-06,0.018096,0.018706,0.017269,0.018419,215798.78
2018-02-07,0.018419,0.018805,0.01795,0.018161,129892.6
2018-02-08,0.018165,0.018323,0.018113,0.018219,2022.58
2018-02-09,0.018219,0.018888,0.01774,0.018835,67887.49
2018-02-10,0.01886,0.018994,0.018,0.01813,112462.05
2018-02-11,0.01812,0.0188,0.017904,0.018366,75288.5
2018-02-12,0.018366,0.018677,0.01804,0.01816,68270.47
2018-02-13,0.01816,0.018699,0.018101,0.018664,69527.9
2018-02-14,0.018664,0.023698,0.0186,0.022481,849831.11
2018-02-15,0.022451,0.025,0.020952,0.022061,625562.11
2018-02-16,0.022054,0.023437,0.020952,0.022462,287673.2
2018-02-17,0.022454,0.022587,0.0206,0.020628,166885.41
2018-02-18,0.020658,0.0217,0.020012,0.020541,202824.19
2018-02-19,0.020541,0.020881,0.01977,0.019848,114314.72
2018-02-20,0.019847,0.022114,0.01927,0.020367,403558.22
2018-02-21,0.020372,0.0207,0.019523,0.020075,193398.82
2018-02-22,0.020074,0.0206,0.019231,0.019612,143485.87
2018-02-23,0.019612,0.0208,0.018845,0.020403,157595.59
2018-02-24,0.020402,0.02145,0.020095,0.02133,133628.14
2018-02-25,0.02133,0.023413,0.020927,0.02278,176131.69
2018-02-26,0.02276,0.023917,0.021,0.021162,241642.92
2018-02-27,0.021165,0.021496,0.020011,0.0203,126961.79
2018-02-28,0.020288,0.0208,0.0195,0.019539,98471.1
2018-03-01,0.019539,0.01998,0.0191,0.019123,91204.0
2018-03-02,0.01915,0.0195,0.018592,0.01928,78573.9
2018-03-03,0.019236,0.019722,0.018284,0.018284,83880.83
2018-03-04,0.018338,0.018947,0.01827,0.018553,55388.41
2018-03-05,0.018523,0.018932,0.018,0.018353,74449.52
2018-03-06,0.018331,0.0186,0.018114,0.018281,75105.95
2018-03-07,0.018303,0.01875,0.017671,0.018715,111404.4
2018-03-08,0.018715,0.019273,0.018401,0.018899,92001.99
2018-03-09,0.018896,0.0209,0.018487,0.020137,161881.45
2018-03-10,0.020149,0.020689,0.01975,0.02013,88202.84
2018-03-11,0.02014,0.02072,0.019513,0.019709,73189.77
2018-03-12,0.019711,0.019926,0.019251,0.019463,61395.31
2018-03-13,0.019463,0.019618,0.019041,0.019132,142742.33
2018-03-14,0.019114,0.019946,0.018881,0.019559,196923.55
2018-03-15,0.019559,0.0204,0.01935,0.0199,224733.46
2018-03-16,0.019881,0.0202,0.015,0.019882,187236.98
2018-03-17,0.019896,0.020035,0.019304,0.019352,164663.68
2018-03-18,0.019366,0.01975,0.0186,0.018765,191516.13
2018-03-19,0.018765,0.019,0.0185,0.018759,140813.39
2018-03-20,0.01876,0.019245,0.018572,0.018941,117936.88
2018-03-21,0.018905,0.019242,0.018722,0.018944,112397.11
2018-03-22,0.018944,0.01915,0.018685,0.018772,98997.3
2018-03-23,0.018765,0.0191,0.0187,0.018989,93730.1
2018-03-24,0.01898,0.019008,0.01833,0.018622,96526.48
2018-03-25,0.018622,0.019077,0.018497,0.018888,82198.16
2018-03-26,0.018888,0.019069,0.017844,0.018175,111681.35
2018-03-27,0.01818,0.01824,0.017335,0.01734,113572.5
2018-03-28,0.017344,0.017374,0.016453,0.016504,118357.75
2018-03-29,0.016503,0.016652,0.015633,0.016156,145298.43
2018-03-30,0.016156,0.017666,0.0161,0.017285,147128.05
2018-03-31,0.017285,0.017493,0.016396,0.016758,102738.66
2018-04-01,0.016764,0.017125,0.0166,0.01686,88448.07
2018-04-02,0.016856,0.017153,0.016648,0.016869,89971.77
2018-04-03,0.016845,0.0183,0.01663,0.01808,124725.49
2018-04-04,0.01808,0.018164,0.016884,0.017381,123228.31
2018-04-05,0.017381,0.0179,0.017169,0.017504,102349.85
2018-04-06,0.017488,0.017587,0.017031,0.017041,88566.95
2018-04-07,0.017045,0.01732,0.016711,0.016771,81295.16
2018-04-08,0.016795,0.016851,0.016608,0.016751,76505.39
2018-04-09,0.016752,0.017169,0.0167,0.016928,47969.26
2018-04-10,0.016928,0.017007,0.016633,0.016694,45008.83
2018-04-11,0.016694,0.01715,0.01644,0.017045,62312.82
2018-04-12,0.017055,0.017077,0.015651,0.016392,162719.49
2018-04-13,0.016394,0.016399,0.015801,0.015904,149322.39
2018-04-14,0.015896,0.015949,0.015704,0.015797,90872.97
2018-04-15,0.015793,0.016004,0.0157,0.015851,103437.33
2018-04-16,0.015851,0.016101,0.0157,0.015971,113849.64
2018-04-17,0.015986,0.017364,0.015959,0.016756,214238.42
2018-04-18,0.01676,0.017313,0.01671,0.017171,138179.08
2018-04-19,0.017171,0.017838,0.016907,0.017746,159153.91
2018-04-20,0.017718,0.017989,0.017375,0.017561,150970.52
2018-04-21,0.017564,0.017794,0.016319,0.01664,135670.34
2018-04-22,0.016637,0.017031,0.016421,0.016663,108411.75
2018-04-23,0.016665,0.017188,0.016602,0.01706,124276.72
2018-04-24,0.017076,0.01776,0.016957,0.017098,209047.04
2018-04-25,0.017098,0.01712,0.015915,0.016325,169214.82
2018-04-26,0.016325,0.016733,0.016269,0.016565,142611.65
2018-04-27,0.016551,0.01657,0.016129,0.016338,120340.59
2018-04-28,0.016322,0.016365,0.0161,0.01626,123053.51
2018-04-29,0.016252,0.016414,0.016094,0.016303,159333.63
2018-04-30,0.016301,0.01642,0.015972,0.016066,159742.62
2018-05-01,0.016042,0.016344,0.015964,0.016328,138416.09
2018-05-02,0.016302,0.016662,0.016143,0.016399,155980.93
2018-05-03,0.016399,0.01729,0.016367,0.016537,282419.69
2018-05-04,0.016556,0.017623,0.016273,0.017422,247739.65
2018-05-05,0.017433,0.018519,0.017273,0.01817,335778.4
2018-05-06,0.01815,0.018601,0.017433,0.017835,213431.88
2018-05-07,0.017847,0.01788,0.017082,0.01755,150625.45
2018-05-08,0.01755,0.017851,0.017149,0.017308,156069.51
2018-05-09,0.017311,0.017396,0.016775,0.016839,150765.87
2018-05-10,0.016818,0.0172,0.016378,0.016435,156403.16
2018-05-11,0.016403,0.016607,0.015977,0.01621,193806.73
2018-05-12,0.016209,0.016806,0.015939,0.016713,119719.95
2018-05-13,0.016713,0.016838,0.016221,0.016629,121039.09
2018-05-14,0.016629,0.017319,0.01612,0.016981,266026.25
2018-05-15,0.016987,0.017141,0.016281,0.016428,170318.85
2018-05-16,0.016445,0.016746,0.01626,0.016681,109920.91
2018-05-17,0.016681,0.016863,0.01629,0.016427,101068.96
2018-05-18,0.016429,0.0167,0.0162,0.01649,104679.99
2018-05-19,0.016498,0.016573,0.01625,0.01639,93174.19
2018-05-20,0.01639,0.016552,0.01623,0.01639,100909.36
2018-05-21,0.01639,0.016423,0.01598,0.015982,96616.06
2018-05-22,0.015996,0.016294,0.015922,0.016025,98304.87
2018-05-23,0.016025,0.016139,0.01548,0.015755,139684.92
2018-05-24,0.015753,0.016448,0.015572,0.01619,104495.47
2018-05-25,0.0162,0.016288,0.015843,0.015934,105524.33
2018-05-26,0.015934,0.01618,0.015905,0.016128,85491.59
2018-05-27,0.016128,0.01618,0.015932,0.016031,78944.52
2018-05-28,0.016031,0.01614,0.01552,0.015593,99854.86
2018-05-29,0.015593,0.016409,0.01552,0.015999,137331.23
2018-05-30,0.015999,0.016249,0.015668,0.015875,132097.0
2018-05-31,0.015874,0.015958,0.015716,0.015788,142668.98
2018-06-01,0.015787,0.01599,0.015677,0.015976,143023.58
2018-06-02,0.015972,0.01623,0.01584,0.016158,147208.13
2018-06-03,0.016156,0.016518,0.016002,0.016211,149551.23
2018-06-04,0.016212,0.0164,0.01582,0.015994,146807.4
2018-06-05,0.015983,0.016052,0.015706,0.016017,151358.28
2018-06-06,0.016017,0.01608,0.015752,0.015849,139743.7
2018-06-07,0.015863,0.015979,0.015627,0.01581,148438.99
2018-06-08,0.015817,0.015908,0.015601,0.015761,145830.11
2018-06-09,0.015751,0.015787,0.015568,0.015652,128350.81
2018-06-10,0.015653,0.015889,0.015407,0.015744,174002.14
2018-06-11,0.015747,0.015985,0.01541,0.01559,158417.83
2018-06-12,0.015596,0.015748,0.014973,0.015261,175622.15
2018-06-13,0.015261,0.015278,0.014338,0.01484,176871.42
2018-06-14,0.014841,0.015371,0.014676,0.015177,168940.74
2018-06-15,0.01518,0.01519,0.014749,0.014951,128486.2
2018-06-16,0.014951,0.015004,0.014652,0.014884,137992.1
2018-06-17,0.014885,0.014983,0.014684,0.014721,128780.44
2018-06-18,0.014721,0.014855,0.014489,0.014722,141781.73
2018-06-19,0.01472,0.01504,0.014516,0.014631,126201.45
2018-06-20,0.014636,0.01475,0.014427,0.01446,123539.56
2018-06-21,0.014465,0.014607,0.0143,0.014403,137659.67
2018-06-22,0.014396,0.014427,0.01352,0.01403,184531.58
2018-06-23,0.01403,0.014106,0.01338,0.013434,156655.75
2018-06-24,0.013434,0.0135,0.012668,0.013086,176051.63
2018-06-25,0.013099,0.013396,0.01284,0.013048,148282.56
2018-06-26,0.013043,0.013133,0.012347,0.012469,87027.02
2018-06-27,0.012468,0.013233,0.012417,0.013138,129019.86
2018-06-28,0.013147,0.013254,0.0126,0.012675,139076.93
2018-06-29,0.01267,0.012902,0.0124,0.012732,137781.69
2018-06-30,0.012728,0.013078,0.01252,0.012717,137729.64
2018-07-01,0.012717,0.012726,0.012344,0.012564,136729.45
2018-07-02,0.012556,0.01305,0.012433,0.012911,158469.35
2018-07-03,0.01291,0.01352,0.012851,0.013033,176300.87
2018-07-04,0.013056,0.013301,0.012906,0.012957,105009.01
2018-07-05,0.012957,0.013057,0.012623,0.012753,145834.86
2018-07-06,0.01276,0.012876,0.012485,0.01259,139423.74
2018-07-07,0.012587,0.012626,0.01218,0.012552,142901.81
2018-07-08,0.012569,0.012644,0.012218,0.012262,132546.18
2018-07-09,0.012256,0.012322,0.012035,0.012075,138871.88
2018-07-10,0.012077,0.012489,0.011661,0.012035,165535.44
2018-07-11,0.012036,0.012655,0.011918,0.012262,155152.37
2018-07-12,0.012255,0.012389,0.01199,0.012316,134944.45
2018-07-13,0.012311,0.012468,0.012187,0.012303,138069.99
2018-07-14,0.012305,0.01235,0.012149,0.012188,127725.61
2018-07-15,0.012189,0.012443,0.012058,0.012352,134488.84
2018-07-16,0.012366,0.0126,0.012252,0.012443,146206.32
2018-07-17,0.012437,0.012534,0.012,0.012167,151744.66
2018-07-18,0.012172,0.012644,0.011655,0.011692,165857.82
2018-07-19,0.011689,0.011901,0.011492,0.01152,144596.63
2018-07-20,0.011517,0.011572,0.0111,0.011146,147001.8
2018-07-21,0.01116,0.011456,0.010937,0.011267,130854.31
2018-07-22,0.01126,0.011316,0.010986,0.011109,134671.49
2018-07-23,0.011103,0.01125,0.010524,0.01054,124857.44
2018-07-24,0.010533,0.01113,0.01032,0.010629,175644.7
2018-07-25,0.010601,0.010748,0.010395,0.010564,158351.91
2018-07-26,0.010563,0.01062,0.010413,0.01053,145247.62
2018-07-27,0.01053,0.01056,0.010221,0.010321,147078.45
2018-07-28,0.010307,0.010334,0.010157,0.01022,138103.69
2018-07-29,0.010218,0.01031,0.010166,0.010203,134284.51
2018-07-30,0.010213,0.010304,0.010035,0.01005,141521.79
2018-07-31,0.010053,0.01023,0.009836,0.010195,154749.8
2018-08-01,0.010195,0.010317,0.010118,0.010212,146437.86
2018-08-02,0.010214,0.010231,0.01006,0.010111,134128.97
2018-08-03,0.010111,0.01049,0.010101,0.010457,145679.18
2018-08-04,0.01046,0.010671,0.010301,0.010415,144299.24
2018-08-05,0.010423,0.010656,0.010388,0.010626,136200.49
2018-08-06,0.010613,0.010761,0.010518,0.010614,139314.67
2018-08-07,0.010616,0.010657,0.009938,0.010018,166066.47
2018-08-08,0.010015,0.0102,0.00975,0.009885,169169.67
2018-08-09,0.009885,0.010084,0.009612,0.00963,162167.92
2018-08-10,0.00963,0.009771,0.009548,0.009612,157272.61
2018-08-11,0.009605,0.009617,0.009045,0.00927,167444.16
2018-08-12,0.009255,0.009723,0.009234,0.009396,136642.69
2018-08-13,0.00939,0.009391,0.00895,0.009037,160895.24
2018-08-14,0.009041,0.009049,0.008345,0.008773,182234.61
2018-08-15,0.008781,0.009012,0.008613,0.008665,200427.37
2018-08-16,0.008665,0.008916,0.008662,0.008763,141360.04
2018-08-17,0.008763,0.009414,0.008728,0.009391,190371.22
2018-08-18,0.009392,0.009424,0.008699,0.00893,179034.44
2018-08-19,0.008937,0.009147,0.008811,0.008915,178614.41
2018-08-20,0.008914,0.008976,0.008488,0.008544,176185.83
2018-08-21,0.008545,0.008761,0.008508,0.008704,144963.86
2018-08-22,0.008703,0.008725,0.008534,0.00869,150184.13
2018-08-23,0.008672,0.008869,0.008348,0.008772,147724.52
2018-08-24,0.00878,0.00883,0.008545,0.008645,159245.4
2018-08-25,0.008648,0.00867,0.00853,0.008594,139266.25
2018-08-26,0.008585,0.0086,0.00847,0.008508,148141.0
2018-08-27,0.008508,0.008908,0.00847,0.00878,166236.5
2018-08-28,0.00878,0.00896,0.008633,0.008926,168609.85
2018-08-29,0.008926,0.00897,0.008676,0.008731,168405.52
2018-08-30,0.008741,0.008756,0.008554,0.008614,162038.35
2018-08-31,0.008623,0.00908,0.008567,0.008849,165949.24
2018-09-01,0.008845,0.00936,0.00883,0.009238,180010.5
2018-09-02,0.00924,0.009274,0.008882,0.009072,159128.3
2018-09-03,0.009072,0.00909,0.008899,0.009,147929.24
2018-09-04,0.009016,0.009396,0.008993,0.009185,174256.36
2018-09-05,0.009185,0.00927,0.008575,0.008606,204171.57
2018-09-06,0.008606,0.00886,0.008502,0.008837,219266.87
2018-09-07,0.008825,0.008959,0.008667,0.008684,166076.03
2018-09-08,0.008696,0.008871,0.008479,0.00858,150088.04
2018-09-09,0.008593,0.008873,0.008483,0.00876,156575.31
2018-09-10,0.008761,0.008892,0.008474,0.00862,152972.44
2018-09-11,0.008615,0.008619,0.008064,0.008262,177146.26
2018-09-12,0.008263,0.008276,0.007583,0.008161,195583.25
2018-09-13,0.00816,0.008488,0.008135,0.008394,184885.94
2018-09-14,0.008385,0.009,0.008222,0.008674,171549.24
2018-09-15,0.008677,0.008954,0.008565,0.008655,139805.99
2018-09-16,0.008653,0.008837,0.008502,0.008738,57207.93
2018-09-17,0.008738,0.00887,0.008256,0.008326,183412.77
2018-09-18,0.008328,0.008691,0.008094,0.008533,189280.65
2018-09-19,0.008524,0.008618,0.008301,0.008485,169871.55
2018-09-20,0.0085,0.0088,0.008357,0.008708,182209.38
2018-09-21,0.008693,0.009254,0.008508,0.008991,243381.82
2018-09-22,0.009006,0.009125,0.008698,0.009019,130109.09
2018-09-23,0.00902,0.009409,0.008942,0.009161,178062.17
2018-09-24,0.00915,0.009168,0.008664,0.00882,208588.39
2018-09-25,0.00882,0.009064,0.008525,0.008937,215529.39
2018-09-26,0.008936,0.009162,0.008751,0.008852,215043.16
2018-09-27,0.008849,0.00989,0.008749,0.00946,334499.85
2018-09-28,0.009463,0.00962,0.009176,0.009331,201252.53
2018-09-29,0.009327,0.009543,0.009117,0.00933,171231.37
2018-09-30,0.00933,0.009468,0.009144,0.00924,171879.36
2018-10-01,0.009229,0.009343,0.00907,0.00914,193748.92
2018-10-02,0.009149,0.00933,0.008748,0.009109,215025.08
2018-10-03,0.009108,0.00912,0.008779,0.00884,181314.52
2018-10-04,0.00884,0.008977,0.008803,0.008851,166276.34
2018-10-05,0.008857,0.008989,0.008748,0.008881,170985.74
2018-10-06,0.008879,0.00893,0.008646,0.008789,146971.78
2018-10-07,0.008787,0.008912,0.008695,0.008812,156067.32
2018-10-08,0.008811,0.008995,0.008719,0.008948,200882.45
2018-10-09,0.008943,0.008962,0.008798,0.008862,157963.59
2018-10-10,0.008867,0.008877,0.008727,0.008811,177610.9
2018-10-11,0.008805,0.008822,0.008142,0.008208,243492.86
2018-10-12,0.0082,0.008589,0.008148,0.00853,226689.17
2018-10-13,0.008531,0.008684,0.00847,0.008535,173469.66
2018-10-14,0.008535,0.00854,0.008252,0.00829,148148.33
2018-10-15,0.00829,0.008644,0.008116,0.008316,288338.33
2018-10-16,0.008317,0.008363,0.008141,0.008221,223788.68
2018-10-17,0.00822,0.008234,0.008125,0.008202,176299.03
2018-10-18,0.008203,0.00823,0.00802,0.008086,207356.95
2018-10-19,0.008089,0.008297,0.00806,0.008219,146604.09
2018-10-20,0.008216,0.008273,0.008169,0.008244,150556.36
2018-10-21,0.008244,0.008267,0.008114,0.008133,140637.14
2018-10-22,0.008136,0.008186,0.008025,0.008072,189638.01
2018-10-23,0.008072,0.008217,0.00803,0.008131,81479.3
2018-10-24,0.008133,0.00815,0.008035,0.008087,100453.42
2018-10-25,0.008087,0.008116,0.00805,0.008086,57666.02
2018-10-26,0.008088,0.008123,0.007991,0.008059,68692.82
2018-10-27,0.008059,0.008105,0.007986,0.008034,51238.19
2018-10-28,0.008034,0.008058,0.007992,0.008029,50737.18
2018-10-29,0.008024,0.00805,0.007603,0.007753,135991.61
2018-10-30,0.007753,0.007826,0.007726,0.007791,63790.7
2018-10-31,0.007789,0.00793,0.007675,0.007841,68369.04
2018-11-01,0.007838,0.007928,0.007783,0.0079,70506.52
2018-11-02,0.007903,0.008099,0.007885,0.00805,80544.57
2018-11-03,0.008049,0.008084,0.007919,0.007988,62548.79
2018-11-04,0.007993,0.008663,0.007912,0.008417,189243.98
2018-11-05,0.008423,0.008503,0.008218,0.008342,112694.44
2018-11-06,0.008342,0.008685,0.008321,0.008662,119307.81
2018-11-07,0.008662,0.008679,0.008192,0.008281,119119.76
2018-11-08,0.008282,0.008351,0.0081,0.008139,76667.15
2018-11-09,0.008127,0.008194,0.008072,0.008133,45928.39
2018-11-10,0.008133,0.008197,0.008096,0.008158,30615.54
2018-11-11,0.008157,0.008158,0.007847,0.007965,58541.08
2018-11-12,0.007983,0.008031,0.007853,0.007937,55844.16
2018-11-13,0.007929,0.007993,0.007682,0.007803,76105.91
2018-11-14,0.007799,0.00787,0.007137,0.007616,177744.61
2018-11-15,0.007615,0.00789,0.007538,0.007772,155838.23
2018-11-16,0.007787,0.007802,0.007551,0.007593,82503.78
2018-11-17,0.007593,0.00761,0.007501,0.007535,52655.57
2018-11-18,0.007545,0.007643,0.007476,0.007521,47172.69
2018-11-19,0.007522,0.007573,0.007055,0.007538,161704.12
2018-11-20,0.007538,0.007704,0.0071,0.007412,246283.44
2018-11-21,0.00739,0.00755,0.007234,0.007541,125402.12
2018-11-22,0.00753,0.007584,0.007344,0.007347,76344.75
2018-11-23,0.007347,0.007569,0.007287,0.007415,87274.49
2018-11-24,0.007409,0.00763,0.007314,0.007558,100227.95
2018-11-25,0.007558,0.00777,0.007421,0.00771,186618.55
2018-11-26,0.007708,0.007954,0.007587,0.007823,180978.86
2018-11-27,0.007811,0.008165,0.00779,0.008156,117325.7
2018-11-28,0.008156,0.008398,0.007927,0.008153,159381.89
2018-11-29,0.008151,0.008241,0.007864,0.00789,100642.27
2018-11-30,0.00789,0.008031,0.007763,0.007965,81790.43
2018-12-01,0.007964,0.008245,0.007878,0.008152,69477.34
2018-12-02,0.008155,0.008217,0.008037,0.008114,60311.51
2018-12-03,0.008131,0.00815,0.007807,0.007956,78553.91
2018-12-04,0.007956,0.008008,0.00786,0.00787,72512.81
2018-12-05,0.007882,0.007965,0.0077,0.007769,77074.71
2018-12-06,0.007769,0.007891,0.007478,0.007615,158957.41
2018-12-07,0.007629,0.007695,0.00688,0.007325,226985.64
2018-12-08,0.007325,0.007681,0.006923,0.007119,197625.54
2018-12-09,0.007114,0.007476,0.007104,0.007155,110380.88
2018-12-10,0.007155,0.007193,0.006935,0.007036,86859.06
2018-12-11,0.007036,0.007142,0.00688,0.006925,71474.62
2018-12-12,0.006937,0.007191,0.0069,0.007016,88817.05
2018-12-13,0.007008,0.007082,0.006963,0.006989,79663.21
2018-12-14,0.006989,0.007248,0.006901,0.007234,97231.75
2018-12-15,0.007231,0.007412,0.00715,0.007343,85121.47
2018-12-16,0.007342,0.008204,0.007337,0.007906,281182.67
2018-12-17,0.007903,0.008542,0.00788,0.008258,260586.36
2018-12-18,0.008253,0.008338,0.008006,0.0082,158784.65
2018-12-19,0.0082,0.008469,0.007805,0.007871,243465.36
2018-12-20,0.007871,0.00805,0.007646,0.007936,199357.31
2018-12-21,0.007946,0.008,0.007732,0.007889,138869.82
2018-12-22,0.00788,0.007973,0.007821,0.007912,92759.63
2018-12-23,0.007934,0.008526,0.007921,0.008388,175290.77
2018-12-24,0.008382,0.008637,0.008053,0.008158,262282.07
2018-12-25,0.00815,0.00825,0.008,0.008142,183359.78
2018-12-26,0.008149,0.008288,0.007772,0.008015,180678.45
2018-12-27,0.008016,0.008094,0.007583,0.007721,187867.27
2018-12-28,0.007722,0.008506,0.007717,0.008277,262119.45
2018-12-29,0.008275,0.00848,0.008106,0.0082,198504.26
2018-12-30,0.0082,0.008326,0.008122,0.008254,132864.3
2018-12-31,0.00825,0.008275,0.008025,0.00809,109909.3
2019-01-01,0.00809,0.008494,0.008025,0.008294,83763.03
2019-01-02,0.008294,0.008581,0.008283,0.008474,113812.38
2019-01-03,0.008471,0.008507,0.008206,0.008337,115418.57
2019-01-04,0.008336,0.00857,0.008264,0.008379,114554.84
2019-01-05,0.008381,0.009455,0.008381,0.009107,362012.1
2019-01-06,0.009107,0.010121,0.009017,0.009602,610408.32
2019-01-07,0.009604,0.009756,0.009286,0.009398,329757.53
2019-01-08,0.009393,0.010097,0.009337,0.009785,351962.54
2019-01-09,0.009785,0.009948,0.009603,0.009625,229566.09
2019-01-10,0.009625,0.009726,0.008874,0.009152,341968.34
2019-01-11,0.009152,0.009207,0.008656,0.008741,265058.26
2019-01-12,0.008745,0.008892,0.00868,0.008835,128006.81
2019-01-13,0.008835,0.009073,0.008431,0.008508,152524.92
2019-01-14,0.008517,0.008884,0.008485,0.008749,151100.22
2019-01-15,0.008747,0.008873,0.008502,0.008659,163049.83
2019-01-16,0.008652,0.008766,0.008572,0.008709,109599.74
2019-01-17,0.008708,0.008745,0.008388,0.008689,175926.96
2019-01-18,0.008683,0.008708,0.008481,0.008562,107528.59
2019-01-19,0.008561,0.00887,0.008559,0.008725,120354.83
2019-01-20,0.008723,0.00906,0.008511,0.008652,174727.06
2019-01-21,0.008661,0.008794,0.008642,0.008738,79512.43
2019-01-22,0.008735,0.008896,0.00852,0.008796,150933.55
2019-01-23,0.008798,0.008998,0.00878,0.008919,119879.96
2019-01-24,0.008919,0.009239,0.008757,0.009116,136152.15
2019-01-25,0.009116,0.009211,0.008996,0.009158,122537.96
2019-01-26,0.009166,0.009358,0.009136,0.009201,142153.66
2019-01-27,0.0092,0.009272,0.008973,0.009074,137073.11
2019-01-28,0.009069,0.009144,0.0088,0.009009,198371.75
2019-01-29,0.00901,0.009132,0.008883,0.00903,128914.68
2019-01-30,0.00903,0.0092,0.008967,0.009163,125232.5
2019-01-31,0.009161,0.009299,0.009057,0.009146,159372.58
2019-02-01,0.009145,0.009659,0.009023,0.00941,226874.74
2019-02-02,0.009412,0.009972,0.009408,0.009868,224355.5
2019-02-03,0.009866,0.009959,0.009589,0.009664,246096.21
2019-02-04,0.009665,0.009949,0.009643,0.00985,184393.99
2019-02-05,0.009844,0.009964,0.009738,0.009896,182794.94
2019-02-06,0.009895,0.009941,0.009522,0.009623,204322.62
2019-02-07,0.009623,0.009832,0.009622,0.009782,113016.01
2019-02-08,0.009782,0.0121,0.009709,0.011753,856564.87
2019-02-09,0.011753,0.012678,0.011548,0.01219,644656.41
2019-02-10,0.012193,0.012999,0.011645,0.012726,429057.54
2019-02-11,0.012722,0.012789,0.01156,0.011807,391023.44
2019-02-12,0.011806,0.012256,0.011666,0.012089,290608.96
2019-02-13,0.01209,0.012227,0.011289,0.011528,244280.44
2019-02-14,0.011527,0.011709,0.011303,0.011488,166154.27
2019-02-15,0.01149,0.012204,0.011467,0.011823,222489.01
2019-02-16,0.011819,0.012218,0.011715,0.01199,212202.14
2019-02-17,0.011995,0.0122,0.01181,0.011972,178616.53
2019-02-18,0.011967,0.01258,0.011805,0.01227,346860.09
2019-02-19,0.012267,0.01245,0.012,0.012064,248507.42
2019-02-20,0.012072,0.01314,0.011939,0.012962,353740.13
2019-02-21,0.01296,0.013004,0.012222,0.012419,250196.01
2019-02-22,0.012425,0.012591,0.012245,0.012422,203315.2
2019-02-23,0.012422,0.012748,0.01221,0.012483,219597.84
2019-02-24,0.012482,0.012756,0.011385,0.011669,443608.12
2019-02-25,0.011672,0.012159,0.011575,0.011859,289780.55
2019-02-26,0.011857,0.011973,0.011598,0.01175,172924.02
2019-02-27,0.011756,0.011884,0.011512,0.011831,147923.62
2019-02-28,0.011831,0.012091,0.011796,0.011965,180632.15
2019-03-01,0.011962,0.012725,0.011909,0.012307,236077.34
2019-03-02,0.012305,0.0129,0.012278,0.012696,226674.81
2019-03-03,0.012696,0.01281,0.012457,0.012571,149995.13
2019-03-04,0.012575,0.012616,0.012127,0.012319,194445.84
2019-03-05,0.012322,0.014071,0.012224,0.013617,501466.1
2019-03-06,0.013623,0.014591,0.013402,0.01434,478913.88
2019-03-07,0.014335,0.015155,0.013983,0.014644,545783.04
2019-03-08,0.014646,0.014768,0.0141,0.014386,335870.73
2019-03-09,0.014388,0.015172,0.01436,0.014651,369634.7
2019-03-10,0.014655,0.01473,0.014359,0.01446,179690.04
2019-03-11,0.014462,0.014595,0.01395,0.014163,201007.61
2019-03-12,0.01416,0.014633,0.01396,0.014571,144816.55
2019-03-13,0.014571,0.014602,0.01412,0.014301,162700.47
2019-03-14,0.0143,0.014866,0.013951,0.014424,208200.19
2019-03-15,0.014423,0.015033,0.014416,0.014902,233035.11
2019-03-16,0.014902,0.01569,0.01488,0.015279,315935.39
2019-03-17,0.01528,0.015346,0.015053,0.015186,166344.49
2019-03-18,0.015184,0.015506,0.014691,0.014839,216838.64
2019-03-19,0.014839,0.01498,0.014703,0.014819,148299.53
2019-03-20,0.014818,0.015031,0.01432,0.01491,160140.93
2019-03-21,0.014918,0.014963,0.014531,0.014706,137439.33
2019-03-22,0.014707,0.014901,0.014601,0.014858,128794.52
2019-03-23,0.014848,0.01535,0.014797,0.015206,166336.91
2019-03-24,0.015205,0.01521,0.01482,0.014987,144463.37
2019-03-25,0.014987,0.015175,0.01472,0.014998,141400.92
2019-03-26,0.015004,0.015048,0.014707,0.014894,123718.58
2019-03-27,0.014899,0.01528,0.014878,0.015211,166889.8
2019-03-28,0.015211,0.015222,0.014983,0.015022,102159.27
2019-03-29,0.015019,0.015117,0.01483,0.014966,116941.85
2019-03-30,0.014972,0.014972,0.014687,0.01472,90054.06
2019-03-31,0.014722,0.01479,0.01461,0.014738,84476.49
2019-04-01,0.014736,0.014778,0.014411,0.014588,94366.17
2019-04-02,0.014583,0.016036,0.013289,0.015804,533686.06
2019-04-03,0.015806,0.018939,0.015612,0.017235,942014.76
2019-04-04,0.017236,0.017864,0.016514,0.017295,406185.9
2019-04-05,0.017299,0.0179,0.017101,0.017626,210817.24
2019-04-06,0.017622,0.0189,0.017166,0.018293,281302.41
2019-04-07,0.018294,0.018562,0.017505,0.017695,186857.29
2019-04-08,0.017695,0.017857,0.016714,0.016916,215992.28
2019-04-09,0.016915,0.017222,0.016249,0.01674,155194.13
2019-04-10,0.016724,0.017,0.016466,0.016608,124859.51
2019-04-11,0.01661,0.016623,0.01501,0.015733,265983.29
2019-04-12,0.015731,0.015875,0.01531,0.01554,126507.68
2019-04-13,0.015539,0.015929,0.015084,0.015382,97322.6
2019-04-14,0.015375,0.016258,0.015177,0.016228,114573.24
2019-04-15,0.016232,0.016388,0.015007,0.015535,180752.16
2019-04-16,0.015536,0.01575,0.015371,0.015509,113380.69
2019-04-17,0.015517,0.015598,0.015121,0.015142,91538.66
2019-04-18,0.015142,0.015904,0.015138,0.015533,139908.77
2019-04-19,0.015532,0.01579,0.015342,0.015603,141512.2
2019-04-20,0.015604,0.015669,0.015134,0.015333,103698.99
2019-04-21,0.015335,0.015404,0.014008,0.014574,224247.79
2019-04-22,0.014577,0.01468,0.014194,0.014272,135492.94
2019-04-23,0.014269,0.014348,0.013332,0.01341,193784.52
2019-04-24,0.013411,0.013521,0.012841,0.013454,270462.17
2019-04-25,0.013454,0.01395,0.013367,0.013745,179936.05
2019-04-26,0.013746,0.013968,0.013612,0.013897,168526.85
2019-04-27,0.013895,0.013909,0.013551,0.013641,55308.64
2019-04-28,0.01364,0.013669,0.013002,0.013163,117053.67
2019-04-29,0.013163,0.01322,0.012754,0.012952,119321.77
2019-04-30,0.012954,0.014,0.012951,0.013959,205343.03
2019-05-01,0.013961,0.014087,0.013453,0.013627,137796.76
2019-05-02,0.013628,0.013733,0.013255,0.013407,114937.7
2019-05-03,0.013404,0.013956,0.01283,0.013734,263479.46
2019-05-04,0.013734,0.014132,0.013181,0.013336,240953.15
2019-05-05,0.013336,0.013446,0.013082,0.013107,82873.02
2019-05-06,0.013107,0.01333,0.012667,0.013035,182380.29
2019-05-07,0.01304,0.013546,0.012551,0.012752,179685.46
2019-05-08,0.012752,0.012772,0.012386,0.01243,117351.27
2019-05-09,0.012429,0.012449,0.0116,0.011952,106977.64
2019-05-10,0.01195,0.01249,0.011551,0.012095,184581.52
2019-05-11,0.012101,0.013275,0.011374,0.012206,519898.42
2019-05-12,0.012208,0.012668,0.012001,0.012154,385992.46
2019-05-13,0.012157,0.01239,0.0111,0.011215,343669.12
2019-05-14,0.011212,0.011718,0.011067,0.011466,382847.73
2019-05-15,0.011466,0.012947,0.011341,0.012489,414180.14
2019-05-16,0.012489,0.012931,0.011505,0.012134,557799.09
2019-05-17,0.012134,0.0125,0.011708,0.012204,472146.3
2019-05-18,0.012203,0.012205,0.011784,0.011926,159954.58
2019-05-19,0.011928,0.012018,0.01157,0.011593,203687.13
2019-05-20,0.011594,0.01166,0.011363,0.011475,196816.55
2019-05-21,0.011472,0.011698,0.0113,0.011481,155553.05
2019-05-22,0.011477,0.011765,0.010975,0.011505,211474.49
2019-05-23,0.011505,0.011539,0.011191,0.011292,149575.59
2019-05-24,0.011289,0.013,0.011275,0.012616,489876.69
2019-05-25,0.012617,0.013117,0.012419,0.012793,311632.1
2019-05-26,0.012791,0.013339,0.012166,0.012896,406226.64
2019-05-27,0.012892,0.013701,0.012677,0.013293,521619.02
2019-05-28,0.013296,0.01346,0.012951,0.013173,247421.3
2019-05-29,0.013172,0.013549,0.01283,0.01331,235909.3
2019-05-30,0.013308,0.013595,0.012679,0.013037,439489.05
2019-05-31,0.013027,0.013399,0.012749,0.013395,280048.85
2019-06-01,0.013395,0.013553,0.013051,0.013143,179265.57
2019-06-02,0.013142,0.013309,0.013036,0.013111,119238.48
2019-06-03,0.013114,0.013385,0.012827,0.013053,221827.97
2019-06-04,0.013049,0.013316,0.01284,0.013298,244527.08
2019-06-05,0.013297,0.013418,0.013082,0.013327,162308.97
2019-06-06,0.013331,0.014512,0.01326,0.014283,266866.12
2019-06-07,0.014282,0.01498,0.01411,0.014626,363729.36
2019-06-08,0.014638,0.0152,0.014449,0.01494,245402.1
2019-06-09,0.01494,0.01505,0.014659,0.015031,210850.17
2019-06-10,0.015029,0.016319,0.014951,0.016187,430309.54
2019-06-11,0.016189,0.017527,0.015943,0.017212,504831.84
2019-06-12,0.017213,0.017756,0.016129,0.016646,650694.63
2019-06-13,0.01665,0.016771,0.01551,0.01589,411452.69
2019-06-14,0.015891,0.016021,0.01497,0.015265,374380.62
2019-06-15,0.015262,0.016,0.015261,0.015612,303522.81
2019-06-16,0.015614,0.015615,0.014545,0.015234,300542.64
2019-06-17,0.015236,0.01525,0.014232,0.014367,228416.47
2019-06-18,0.014364,0.0151,0.014223,0.014893,274379.79
2019-06-19,0.01489,0.015272,0.014555,0.014737,381727.86
2019-06-20,0.014739,0.01476,0.013992,0.01423,232071.84
2019-06-21,0.014231,0.014461,0.01357,0.013601,232476.33
2019-06-22,0.013604,0.013791,0.012602,0.01325,459674.79
2019-06-23,0.013256,0.013268,0.012384,0.012606,230593.5
2019-06-24,0.012609,0.012741,0.012078,0.012279,167624.65
2019-06-25,0.012281,0.012374,0.011422,0.011531,261860.0
2019-06-26,0.011527,0.01158,0.00975,0.010091,567825.65
2019-06-27,0.010091,0.01083,0.009406,0.010237,658502.57
2019-06-28,0.010238,0.010485,0.009635,0.009663,361923.24
2019-06-29,0.009666,0.011565,0.009624,0.011249,631961.81
2019-06-30,0.011243,0.012138,0.010821,0.01135,640375.35
2019-07-01,0.011355,0.011796,0.011071,0.011593,425224.06
2019-07-02,0.011594,0.011781,0.01075,0.010952,305565.03
2019-07-03,0.010953,0.01096,0.010091,0.010165,245757.21
2019-07-04,0.010165,0.0108,0.009991,0.01073,272909.98
2019-07-05,0.010732,0.010982,0.010468,0.010775,221196.36
2019-07-06,0.010778,0.010779,0.0103,0.010512,121711.66
2019-07-07,0.01052,0.01062,0.010329,0.01047,98471.87
2019-07-08,0.010473,0.010491,0.009799,0.010044,190802.3
2019-07-09,0.010041,0.010056,0.00944,0.009507,209943.78
2019-07-10,0.009506,0.00952,0.008186,0.008943,460018.51
2019-07-11,0.008944,0.0092,0.008444,0.009083,441671.97
2019-07-12,0.009082,0.009201,0.008791,0.008917,221033.18
2019-07-13,0.008918,0.00913,0.008804,0.008894,189368.13
2019-07-14,0.008895,0.008997,0.00846,0.008809,307813.1
2019-07-15,0.008812,0.008817,0.008268,0.008344,324431.38
2019-07-16,0.008345,0.008499,0.007976,0.008438,270033.75
2019-07-17,0.008443,0.009613,0.008301,0.009309,444646.94
2019-07-18,0.009307,0.009946,0.009082,0.009516,429573.24
2019-07-19,0.009517,0.0096,0.009146,0.00936,250927.57
2019-07-20,0.009358,0.009826,0.009295,0.009334,170068.38
2019-07-21,0.009333,0.009486,0.009135,0.009419,116807.13
2019-07-22,0.009418,0.009457,0.00889,0.009215,182547.71
2019-07-23,0.009214,0.009242,0.008956,0.009142,156616.65
2019-07-24,0.009136,0.009817,0.008989,0.009672,189472.34
2019-07-25,0.009672,0.009677,0.00924,0.009438,129175.14
2019-07-26,0.009437,0.009619,0.009317,0.00957,103256.22
2019-07-27,0.009568,0.009604,0.009192,0.009363,151615.52
2019-07-28,0.009366,0.009521,0.009122,0.009443,118921.46
2019-07-29,0.009434,0.009598,0.009301,0.009503,118062.05
2019-07-30,0.009503,0.009575,0.009374,0.009414,93726.77
2019-07-31,0.009414,0.00999,0.009382,0.0098,230644.98
2019-08-01,0.009799,0.009884,0.009451,0.009507,190417.64
2019-08-02,0.009507,0.009509,0.008863,0.009004,195538.78
2019-08-03,0.009005,0.009056,0.008636,0.008706,125777.3
2019-08-04,0.008706,0.008819,0.008389,0.008479,151327.83
2019-08-05,0.008478,0.009084,0.007999,0.008162,453892.14
2019-08-06,0.008162,0.008202,0.0078,0.0081,274543.43
2019-08-07,0.008101,0.008108,0.007506,0.007567,183513.76
2019-08-08,0.007562,0.007847,0.007494,0.007512,149124.96
2019-08-09,0.007513,0.007569,0.007025,0.007097,149342.99
2019-08-10,0.007098,0.0077,0.007085,0.007557,222193.96
2019-08-11,0.007558,0.008034,0.00755,0.007799,169152.82
2019-08-12,0.007788,0.007806,0.007483,0.007528,118764.6
2019-08-13,0.007529,0.007944,0.007406,0.007785,159850.29
2019-08-14,0.007783,0.008115,0.007328,0.007552,292289.0
2019-08-15,0.007549,0.00766,0.00732,0.007404,129490.95
2019-08-16,0.007405,0.007552,0.007151,0.00722,141822.49
2019-08-17,0.00722,0.007261,0.007001,0.007115,166239.81
2019-08-18,0.007112,0.007529,0.007066,0.007401,151213.53
2019-08-19,0.0074,0.007419,0.007057,0.007069,109316.75
2019-08-20,0.007064,0.007103,0.006915,0.006982,92707.66
2019-08-21,0.006982,0.007321,0.006941,0.007223,135261.89
2019-08-22,0.007222,0.007403,0.007173,0.007266,111010.12
2019-08-23,0.007263,0.007308,0.00711,0.007257,74458.49
2019-08-24,0.007257,0.007297,0.007135,0.007236,74441.26
2019-08-25,0.007232,0.007402,0.00706,0.007114,92803.08
2019-08-26,0.007114,0.007251,0.007023,0.00709,100079.58
2019-08-27,0.00709,0.007227,0.007049,0.007163,63063.28
2019-08-28,0.007154,0.007163,0.006487,0.006862,189490.4
2019-08-29,0.006863,0.006974,0.006611,0.006694,140311.9
2019-08-30,0.006695,0.006806,0.006595,0.006702,93082.57
2019-08-31,0.006703,0.006767,0.006561,0.006701,80375.01
2019-09-01,0.006701,0.006955,0.006691,0.006773,81798.29
2019-09-02,0.00677,0.006799,0.006425,0.006473,100457.68
2019-09-03,0.006473,0.00673,0.006423,0.006504,125912.99
2019-09-04,0.0065,0.006546,0.006281,0.006343,93846.06
2019-09-05,0.00634,0.006371,0.006092,0.006174,102378.9
2019-09-06,0.006174,0.006335,0.006148,0.006298,126165.92
2019-09-07,0.006301,0.006704,0.006247,0.006577,141628.74
2019-09-08,0.006577,0.00684,0.006551,0.006775,122890.6
2019-09-09,0.006775,0.006901,0.00664,0.006782,98762.64
2019-09-10,0.006781,0.00708,0.00678,0.007016,153016.48
2019-09-11,0.007015,0.00711,0.006797,0.006869,88866.96
2019-09-12,0.006867,0.006871,0.006625,0.006642,76132.96
2019-09-13,0.006641,0.00674,0.0066,0.006663,60880.19
2019-09-14,0.006665,0.00687,0.006626,0.006823,64786.64
2019-09-15,0.006822,0.006893,0.006756,0.006799,58250.84
2019-09-16,0.006798,0.00716,0.006798,0.007088,122690.26
2019-09-17,0.007089,0.007549,0.007062,0.007268,177496.19
2019-09-18,0.007268,0.007878,0.007267,0.007659,259837.26
2019-09-19,0.007659,0.0077,0.007311,0.007473,232127.08
2019-09-20,0.007474,0.007501,0.007234,0.007383,131834.54
2019-09-21,0.007384,0.007443,0.007233,0.007329,80449.61
2019-09-22,0.00733,0.00733,0.007151,0.007202,85506.15
2019-09-23,0.007202,0.007462,0.006368,0.006861,262930.63
2019-09-24,0.006863,0.007106,0.006411,0.006421,396429.35
2019-09-25,0.006425,0.006969,0.006401,0.006812,342416.68
2019-09-26,0.006814,0.006873,0.006486,0.006846,228498.33
2019-09-27,0.006846,0.006918,0.006701,0.006834,159290.75
2019-09-28,0.006833,0.00685,0.006694,0.006752,111430.86
2019-09-29,0.006753,0.006777,0.006567,0.006693,101207.07
2019-09-30,0.006694,0.006924,0.006678,0.006758,164750.19
2019-10-01,0.006758,0.00687,0.006616,0.006703,136666.24
2019-10-02,0.006702,0.006868,0.006701,0.006733,89955.34
2019-10-03,0.00673,0.00694,0.006638,0.006859,144848.18
2019-10-04,0.006859,0.007035,0.006856,0.006918,121168.61
2019-10-05,0.006918,0.007092,0.006899,0.006976,110086.18
2019-10-06,0.006975,0.007054,0.006787,0.006926,136765.61
2019-10-07,0.006925,0.007105,0.006853,0.007016,153988.78
2019-10-08,0.007015,0.007047,0.006925,0.006969,86566.19
2019-10-09,0.006967,0.007095,0.00682,0.006904,175372.37
2019-10-10,0.006904,0.006915,0.006675,0.006718,96280.17
2019-10-11,0.006714,0.006765,0.00657,0.006762,100316.61
2019-10-12,0.006762,0.006769,0.006655,0.00671,57785.41
2019-10-13,0.006708,0.006896,0.006701,0.006822,70935.6
2019-10-14,0.006821,0.006873,0.006782,0.006805,78374.98
2019-10-15,0.006805,0.006854,0.006451,0.006688,183961.86
2019-10-16,0.006688,0.006775,0.006424,0.006564,158626.38
2019-10-17,0.006562,0.006812,0.006491,0.006806,115301.69
2019-10-18,0.006804,0.006807,0.006641,0.006698,85586.48
2019-10-19,0.006698,0.006799,0.00664,0.006758,61471.91
2019-10-20,0.006757,0.006791,0.006663,0.006672,71954.58
2019-10-21,0.006672,0.006726,0.006529,0.006659,105008.61
2019-10-22,0.006656,0.006713,0.006569,0.006652,72443.21
2019-10-23,0.006655,0.006656,0.006357,0.006625,158464.51
2019-10-24,0.006623,0.006726,0.006544,0.006683,109921.79
2019-10-25,0.006683,0.00695,0.006543,0.006577,282635.3
2019-10-26,0.006577,0.0066,0.005974,0.006144,378852.26
2019-10-27,0.00614,0.006445,0.005993,0.006275,181700.87
2019-10-28,0.006272,0.006408,0.006071,0.006267,175332.58
2019-10-29,0.00627,0.006429,0.006269,0.00635,146899.88
2019-10-30,0.006353,0.00651,0.006275,0.006325,128710.61
2019-10-31,0.006324,0.00644,0.00632,0.006376,105599.38
2019-11-01,0.006377,0.006412,0.00624,0.006312,68006.61
2019-11-02,0.00631,0.006345,0.006231,0.00627,54048.98
2019-11-03,0.00627,0.006397,0.006221,0.006338,63046.46
2019-11-04,0.006338,0.006665,0.006329,0.006522,185458.92
2019-11-05,0.006521,0.006867,0.006516,0.006778,184655.94
2019-11-06,0.006781,0.006875,0.006709,0.006865,143917.17
2019-11-07,0.006865,0.006885,0.006558,0.006664,127657.02
2019-11-08,0.006667,0.006891,0.006633,0.006882,140432.73
2019-11-09,0.00688,0.007089,0.006857,0.007048,121095.36
2019-11-10,0.007044,0.00753,0.006915,0.007041,227605.46
2019-11-11,0.007041,0.007178,0.006959,0.00708,137252.7
2019-11-12,0.00708,0.007108,0.00691,0.00697,104808.88
2019-11-13,0.006966,0.00704,0.006901,0.006944,70568.43
2019-11-14,0.006944,0.006953,0.006785,0.006824,101744.3
2019-11-15,0.006821,0.006989,0.006619,0.0068,148526.35
2019-11-16,0.0068,0.006916,0.006767,0.006866,61297.96
2019-11-17,0.006863,0.007017,0.006834,0.006965,85384.54
2019-11-18,0.006966,0.006986,0.006624,0.006817,154664.26
2019-11-19,0.006818,0.0069,0.006729,0.006779,126368.13
2019-11-20,0.006778,0.006902,0.006732,0.006791,95320.92
2019-11-21,0.00679,0.006809,0.006482,0.006639,192790.6
2019-11-22,0.006635,0.00676,0.006375,0.00651,296947.05
2019-11-23,0.006512,0.00666,0.006471,0.006584,116307.19
2019-11-24,0.006578,0.006593,0.00628,0.006354,162100.07
2019-11-25,0.006356,0.006759,0.0063,0.006397,215512.41
2019-11-26,0.006391,0.006611,0.006389,0.006554,96785.84
2019-11-27,0.006556,0.006563,0.006314,0.006349,123720.92
2019-11-28,0.00635,0.006389,0.006228,0.006304,84399.68
2019-11-29,0.006307,0.006435,0.006256,0.006275,119099.0
2019-11-30,0.006272,0.006345,0.0062,0.006259,90859.66
2019-12-01,0.006258,0.006487,0.006185,0.006419,113003.35
2019-12-02,0.006419,0.00643,0.006158,0.006231,124684.27
2019-12-03,0.006229,0.006293,0.006101,0.006138,112088.38
2019-12-04,0.006136,0.006253,0.006037,0.006209,143881.68
2019-12-05,0.006208,0.006211,0.005998,0.006062,134285.33
2019-12-06,0.006062,0.006138,0.00598,0.006011,105472.28
2019-12-07,0.006011,0.006136,0.005989,0.006029,79199.0
2019-12-08,0.006028,0.006119,0.006013,0.006066,51167.28
2019-12-09,0.006063,0.006122,0.00598,0.006056,96412.84
2019-12-10,0.006056,0.006107,0.00601,0.006105,61340.59
2019-12-11,0.006104,0.006154,0.006012,0.006065,73597.61
2019-12-12,0.006061,0.006101,0.006002,0.006063,56624.17
2019-12-13,0.006065,0.006131,0.006024,0.006125,55374.54
2019-12-14,0.006125,0.006184,0.006084,0.006121,48235.71
2019-12-15,0.006125,0.006153,0.006095,0.006107,38600.42
2019-12-16,0.006107,0.006125,0.005665,0.005801,153835.59
2019-12-17,0.005804,0.005817,0.00551,0.005575,211336.27
2019-12-18,0.005575,0.005816,0.005538,0.005608,175008.99
2019-12-19,0.005604,0.005659,0.005501,0.005547,87024.66
2019-12-20,0.005548,0.005645,0.005541,0.005588,49842.01
2019-12-21,0.005588,0.005604,0.005538,0.005559,34638.31
2019-12-22,0.005558,0.00575,0.005555,0.005578,70382.04
2019-12-23,0.005578,0.00563,0.0055,0.005542,82429.25
2019-12-24,0.005546,0.005627,0.00549,0.005559,64544.79
2019-12-25,0.00556,0.005603,0.005486,0.005568,43989.8
2019-12-26,0.005569,0.005638,0.005508,0.005557,61416.46
2019-12-27,0.005552,0.005701,0.005541,0.005647,81728.01
2019-12-28,0.005647,0.005951,0.005644,0.005857,133778.85
2019-12-29,0.005855,0.005895,0.005772,0.005833,124016.34
2019-12-30,0.00583,0.005967,0.005791,0.00585,103361.64
2019-12-31,0.00585,0.005884,0.005728,0.005741,65655.54
2020-01-01,0.005739,0.005812,0.005729,0.005779,39694.2
2020-01-02,0.005777,0.005806,0.005626,0.00566,66450.4
2020-01-03,0.00566,0.005754,0.005585,0.00575,108705.05
2020-01-04,0.005747,0.005828,0.005713,0.005818,101700.57
2020-01-05,0.005817,0.00597,0.00574,0.005884,106032.33
2020-01-06,0.005884,0.006,0.005852,0.005905,134768.38
2020-01-07,0.005905,0.005905,0.005672,0.005684,193631.12
2020-01-08,0.005684,0.005775,0.005467,0.00563,235937.7
2020-01-09,0.005629,0.00575,0.005612,0.005724,97007.84
2020-01-10,0.005724,0.00614,0.005695,0.005983,326899.92
2020-01-11,0.005983,0.006342,0.005946,0.006148,331533.45
2020-01-12,0.006152,0.006385,0.006126,0.006285,272708.95
2020-01-13,0.006285,0.006296,0.006061,0.006118,181972.91
2020-01-14,0.006115,0.006869,0.006113,0.006625,616103.77
2020-01-15,0.006621,0.006823,0.00645,0.006591,387650.49
2020-01-16,0.006594,0.006706,0.006351,0.006599,202915.24
2020-01-17,0.006603,0.007066,0.00654,0.00685,317275.69
2020-01-18,0.00685,0.00696,0.006545,0.006652,277795.81
2020-01-19,0.006653,0.006867,0.006433,0.006622,201021.53
2020-01-20,0.006621,0.006706,0.006516,0.006618,83659.16
2020-01-21,0.006616,0.006686,0.006549,0.00659,84127.91
2020-01-22,0.00659,0.006776,0.006561,0.006718,99804.15
2020-01-23,0.006719,0.00673,0.0063,0.006486,165590.92
2020-01-24,0.006487,0.0065,0.006122,0.006444,206015.81
2020-01-25,0.006447,0.006492,0.00625,0.006387,97323.17
2020-01-26,0.006385,0.006596,0.006334,0.006529,116804.34
2020-01-27,0.006526,0.006785,0.006474,0.006573,160943.14
2020-01-28,0.006573,0.00675,0.006432,0.006455,219052.56
2020-01-29,0.006456,0.006671,0.006408,0.006432,161395.49
2020-01-30,0.006429,0.007347,0.006319,0.007148,454450.99
2020-01-31,0.007145,0.007447,0.007085,0.007274,396602.96
2020-02-01,0.007271,0.007729,0.007234,0.007535,406653.73
2020-02-02,0.007535,0.007781,0.007311,0.007496,290797.78
2020-02-03,0.007497,0.007638,0.007389,0.007496,216676.59
2020-02-04,0.007497,0.00755,0.007255,0.0074,166444.41
2020-02-05,0.007399,0.007693,0.007357,0.007549,205046.27
2020-02-06,0.007549,0.007746,0.007358,0.00753,212011.03
2020-02-07,0.00753,0.00767,0.007476,0.00757,159517.58
2020-02-08,0.00757,0.007896,0.007372,0.007737,234981.43
2020-02-09,0.007737,0.007802,0.007481,0.007582,185123.89
2020-02-10,0.007581,0.007605,0.007384,0.007512,213796.75
2020-02-11,0.007509,0.007646,0.007398,0.00748,196554.46
2020-02-12,0.007478,0.008008,0.007476,0.007859,293433.5
2020-02-13,0.007862,0.008096,0.007522,0.007873,392563.88
2020-02-14,0.007871,0.0081,0.007769,0.008039,250110.94
2020-02-15,0.008034,0.008065,0.00764,0.007747,268992.25
2020-02-16,0.007742,0.008043,0.006996,0.007533,401584.35
2020-02-17,0.007536,0.007614,0.0071,0.007564,297081.34
2020-02-18,0.007566,0.00778,0.007305,0.0076,215360.79
2020-02-19,0.007599,0.007734,0.007153,0.007359,170958.52
2020-02-20,0.007355,0.0075,0.00701,0.007233,251330.83
2020-02-21,0.00723,0.007728,0.007163,0.007572,215889.65
2020-02-22,0.007572,0.007943,0.007501,0.007748,273423.66
2020-02-23,0.007748,0.008082,0.007729,0.008008,209659.5
2020-02-24,0.008005,0.008009,0.007533,0.007825,227464.77
2020-02-25,0.007824,0.007867,0.0075,0.007622,208673.18
2020-02-26,0.007619,0.007867,0.006627,0.006885,475359.6
2020-02-27,0.006891,0.007259,0.006697,0.006995,353361.92
2020-02-28,0.006996,0.007122,0.006694,0.006889,267365.23
2020-02-29,0.006887,0.007012,0.006752,0.006814,154467.41
2020-03-01,0.006809,0.00696,0.006607,0.006763,158843.97
2020-03-02,0.006766,0.007021,0.006702,0.006892,181704.37
2020-03-03,0.006891,0.007024,0.006796,0.006967,125795.96
2020-03-04,0.006966,0.006997,0.00677,0.006898,112705.01
2020-03-05,0.006896,0.006935,0.006779,0.006852,131421.97
2020-03-06,0.006852,0.006962,0.006784,0.006919,120205.66
2020-03-07,0.006922,0.007028,0.006782,0.006802,117991.08
2020-03-08,0.006801,0.006801,0.00624,0.006346,284090.22
2020-03-09,0.006348,0.006436,0.006084,0.006354,387616.7
2020-03-10,0.006355,0.0064,0.00622,0.006364,169306.07
2020-03-11,0.006366,0.006378,0.00599,0.006121,225493.16
2020-03-12,0.00612,0.0065,0.00511,0.006226,956967.83
2020-03-13,0.006212,0.0069,0.005938,0.006731,1143685.14
2020-03-14,0.006733,0.006788,0.006535,0.006646,308469.48
2020-03-15,0.006646,0.00682,0.006478,0.006786,247994.62
2020-03-16,0.006782,0.006851,0.006443,0.006604,349887.09
2020-03-17,0.006604,0.006657,0.006373,0.006407,175783.88
2020-03-18,0.006411,0.006543,0.006318,0.006435,166755.35
2020-03-19,0.006435,0.006528,0.0062,0.006313,221795.87
2020-03-20,0.006313,0.006397,0.005981,0.00614,286934.75
2020-03-21,0.006135,0.006257,0.006083,0.006196,116625.94
2020-03-22,0.006196,0.00626,0.005977,0.006086,112116.21
2020-03-23,0.00609,0.00627,0.005965,0.006021,161883.98
2020-03-24,0.00602,0.006068,0.0059,0.006012,178891.58
2020-03-25,0.006012,0.006075,0.005826,0.005864,174117.1
2020-03-26,0.005864,0.006003,0.005808,0.005998,106423.79
2020-03-27,0.006,0.006094,0.005892,0.00598,116840.17
2020-03-28,0.005978,0.006312,0.005883,0.006229,139432.02
2020-03-29,0.006229,0.006331,0.006165,0.006307,77656.67
2020-03-30,0.00631,0.00635,0.00601,0.006087,101025.24
2020-03-31,0.006085,0.006119,0.005984,0.006093,86480.77
2020-04-01,0.006096,0.00616,0.005895,0.005908,120503.78
2020-04-02,0.005904,0.005997,0.00585,0.005866,140249.58
2020-04-03,0.005871,0.006047,0.005857,0.006011,94101.25
2020-04-04,0.006011,0.006039,0.005883,0.005942,85957.09
2020-04-05,0.00594,0.006008,0.005928,0.005957,50216.89
2020-04-06,0.005957,0.006234,0.005916,0.006141,174906.27
2020-04-07,0.006144,0.006411,0.006144,0.006221,154796.23
2020-04-08,0.006224,0.006397,0.00617,0.006321,102300.26
2020-04-09,0.006325,0.0064,0.006262,0.006341,90096.29
2020-04-10,0.006346,0.00637,0.00605,0.00616,158293.72
2020-04-11,0.00616,0.006241,0.006124,0.006185,64587.36
2020-04-12,0.006183,0.006236,0.006034,0.006081,92671.44
2020-04-13,0.00608,0.006096,0.005952,0.006028,127837.63
2020-04-14,0.006023,0.006041,0.005971,0.005998,70103.47
2020-04-15,0.005999,0.006039,0.005916,0.005925,84539.62
2020-04-16,0.005923,0.006138,0.005825,0.005989,175246.79
2020-04-17,0.005991,0.006031,0.005911,0.006004,73575.52
2020-04-18,0.006006,0.0061,0.005951,0.006087,92487.09
2020-04-19,0.006091,0.0061,0.005892,0.005932,104376.85
2020-04-20,0.005931,0.006004,0.005854,0.00589,104717.75
2020-04-21,0.005888,0.005971,0.005856,0.005933,74386.99
2020-04-22,0.005933,0.005943,0.005862,0.005867,76504.6
2020-04-23,0.005866,0.005885,0.005664,0.005744,122741.25
2020-04-24,0.005742,0.005969,0.005727,0.005932,165299.48
2020-04-25,0.005933,0.006007,0.005854,0.005884,113814.75
2020-04-26,0.005885,0.005943,0.005785,0.005788,81146.71
2020-04-27,0.005788,0.005846,0.005656,0.005721,106817.78
2020-04-28,0.005721,0.005939,0.005666,0.005898,145449.59
2020-04-29,0.005905,0.005949,0.005464,0.005559,273246.63
2020-04-30,0.005559,0.005636,0.00523,0.005372,271391.71
2020-05-01,0.00537,0.005456,0.005297,0.005332,118351.13
2020-05-02,0.005334,0.005562,0.005298,0.005482,109139.44
2020-05-03,0.005482,0.005544,0.005342,0.005406,104221.83
2020-05-04,0.005403,0.005406,0.005253,0.005294,114955.96
2020-05-05,0.00529,0.00533,0.005151,0.005159,86742.08
2020-05-06,0.005162,0.005214,0.004899,0.004916,123453.31
2020-05-07,0.004912,0.004966,0.004679,0.004742,202714.93
2020-05-08,0.004743,0.004912,0.004711,0.004866,158642.72
2020-05-09,0.004865,0.005038,0.004848,0.004923,136551.2
2020-05-10,0.004925,0.004952,0.004754,0.00482,287858.49
2020-05-11,0.004821,0.004867,0.004657,0.004845,220315.37
2020-05-12,0.004845,0.004869,0.004724,0.004789,148154.06
2020-05-13,0.004789,0.004789,0.004611,0.004641,108091.96
2020-05-14,0.004643,0.004643,0.004463,0.004492,157573.44
2020-05-15,0.004492,0.004619,0.004477,0.004587,135549.22
2020-05-16,0.004585,0.004635,0.004562,0.00461,143247.96
2020-05-17,0.004611,0.004655,0.004491,0.004516,106495.8
2020-05-18,0.004511,0.00471,0.004459,0.004657,203884.48
2020-05-19,0.004658,0.004686,0.004611,0.004676,110259.07
2020-05-20,0.004677,0.00472,0.004599,0.004651,130848.26
2020-05-21,0.00465,0.004747,0.004623,0.004712,126825.24
2020-05-22,0.004711,0.004858,0.004702,0.004825,110767.65
2020-05-23,0.004823,0.004845,0.004764,0.004776,90054.43
2020-05-24,0.004776,0.004864,0.00476,0.004829,132754.12
2020-05-25,0.004828,0.004915,0.004806,0.00483,120021.89
2020-05-26,0.004829,0.004838,0.004755,0.004781,95379.44
2020-05-27,0.004781,0.004814,0.004734,0.004766,95323.63
2020-05-28,0.004765,0.004775,0.004646,0.004675,97970.66
2020-05-29,0.004675,0.00476,0.004666,0.004718,85282.64
2020-05-30,0.00472,0.004982,0.004715,0.004924,180490.55
2020-05-31,0.004924,0.004962,0.0048,0.004826,140673.35
2020-06-01,0.004827,0.00493,0.004665,0.004732,191602.25
2020-06-02,0.004728,0.00499,0.004701,0.004832,244420.64
2020-06-03,0.004833,0.004961,0.004806,0.004879,135409.11
2020-06-04,0.004879,0.004972,0.00479,0.004847,147152.98
2020-06-05,0.004845,0.004884,0.004809,0.004865,78811.58
2020-06-06,0.004865,0.004884,0.004825,0.004842,65850.1
2020-06-07,0.004839,0.004848,0.004776,0.004784,80318.81
2020-06-08,0.004783,0.00481,0.00474,0.004747,74132.34
2020-06-09,0.004748,0.0048,0.004671,0.004695,79044.98
2020-06-10,0.004696,0.004772,0.004686,0.004718,90881.75
2020-06-11,0.004718,0.004756,0.004596,0.004657,129623.01
2020-06-12,0.004658,0.004783,0.004626,0.004723,88283.41
2020-06-13,0.004726,0.004775,0.00471,0.00476,46863.57
2020-06-14,0.004759,0.004762,0.004693,0.004715,60224.2
2020-06-15,0.004715,0.004719,0.004617,0.004642,137135.45
2020-06-16,0.004642,0.004649,0.004572,0.004607,82214.49
2020-06-17,0.004607,0.004735,0.004602,0.004655,96360.9
2020-06-18,0.004656,0.004679,0.004602,0.004626,82915.16
2020-06-19,0.004626,0.004656,0.004587,0.004605,80666.5
2020-06-20,0.004606,0.00467,0.004587,0.004656,59285.49
2020-06-21,0.004656,0.004671,0.00461,0.004628,47726.05
2020-06-22,0.004627,0.004656,0.004564,0.004576,91674.9
2020-06-23,0.004573,0.004611,0.004563,0.004591,75810.04
2020-06-24,0.004591,0.004624,0.004545,0.004585,104984.18
2020-06-25,0.004585,0.004643,0.004554,0.00458,96408.11
2020-06-26,0.004581,0.00473,0.004544,0.004702,178549.44
2020-06-27,0.004704,0.004713,0.004418,0.004556,111418.58
2020-06-28,0.004556,0.004592,0.004517,0.004536,46178.91
2020-06-29,0.004538,0.004595,0.00448,0.004557,91516.83
2020-06-30,0.004558,0.004572,0.004476,0.004507,45665.35
2020-07-01,0.004508,0.004547,0.004497,0.004524,49032.26
2020-07-02,0.004524,0.004533,0.004489,0.004515,60907.94
2020-07-03,0.004516,0.004581,0.004505,0.00454,67239.95
2020-07-04,0.00454,0.004621,0.004538,0.004608,81998.84
2020-07-05,0.004609,0.004619,0.004552,0.004584,63013.21
2020-07-06,0.004582,0.00473,0.004579,0.004716,105331.81
2020-07-07,0.004716,0.004746,0.004663,0.004688,84998.47
2020-07-08,0.004689,0.00488,0.004667,0.004807,177131.11
2020-07-09,0.004808,0.004869,0.004736,0.004804,141291.41
2020-07-10,0.004804,0.004852,0.004761,0.00477,100169.82
2020-07-11,0.004769,0.004847,0.004766,0.004839,64146.79
2020-07-12,0.004839,0.004875,0.004756,0.004807,104314.24
2020-07-13,0.004809,0.0049,0.004622,0.004753,183509.9
2020-07-14,0.004751,0.004762,0.004672,0.004741,95425.65
2020-07-15,0.004742,0.004752,0.004668,0.004711,67681.14
2020-07-16,0.00471,0.004714,0.004502,0.004609,131605.81
2020-07-17,0.004607,0.004627,0.00457,0.004577,79935.15
2020-07-18,0.004578,0.004671,0.00457,0.004631,71761.3
2020-07-19,0.004631,0.004651,0.004589,0.00463,59942.95
2020-07-20,0.00463,0.004649,0.00452,0.00458,81481.87
2020-07-21,0.004579,0.004715,0.004573,0.004663,111324.08
2020-07-22,0.004663,0.004742,0.004635,0.004724,126215.13
2020-07-23,0.004722,0.004792,0.00467,0.00468,155506.22
2020-07-24,0.004679,0.004695,0.004623,0.004626,135673.33
2020-07-25,0.004627,0.0051,0.004618,0.005068,415434.71
2020-07-26,0.005066,0.005207,0.004792,0.004841,356124.42
2020-07-27,0.004841,0.005063,0.004454,0.004831,563161.65
2020-07-28,0.00483,0.005252,0.004792,0.005111,553174.11
2020-07-29,0.005111,0.005154,0.004926,0.00497,263146.85
2020-07-30,0.00497,0.00532,0.004922,0.005111,365066.83
2020-07-31,0.005112,0.00525,0.005054,0.005128,210970.47
2020-08-01,0.005128,0.005308,0.005034,0.005225,369270.85
2020-08-02,0.005224,0.005443,0.004867,0.005128,623529.34
2020-08-03,0.005128,0.005238,0.005078,0.005212,237193.01
2020-08-04,0.005214,0.005233,0.005092,0.00515,187870.24
2020-08-05,0.00515,0.005192,0.004974,0.005013,194074.73
2020-08-06,0.005015,0.005123,0.004954,0.00502,186668.47
2020-08-07,0.00502,0.00516,0.004783,0.004931,245895.02
2020-08-08,0.004931,0.004971,0.004887,0.00497,91162.83
2020-08-09,0.00497,0.004977,0.004844,0.004877,88564.92
2020-08-10,0.004876,0.004988,0.004817,0.004903,263672.02
2020-08-11,0.004902,0.005024,0.004706,0.004751,213834.83
2020-08-12,0.00475,0.004779,0.004619,0.004718,159234.86
2020-08-13,0.004713,0.004882,0.00459,0.00485,240648.42
2020-08-14,0.004849,0.004898,0.004781,0.004828,193403.3
2020-08-15,0.004829,0.005122,0.004774,0.00505,348674.19
2020-08-16,0.00505,0.005428,0.004954,0.005365,535507.2
2020-08-17,0.005364,0.005592,0.005155,0.005472,675811.38
2020-08-18,0.005472,0.005629,0.005262,0.005477,491657.1
2020-08-19,0.005475,0.005586,0.005073,0.005282,426209.47
2020-08-20,0.005284,0.005386,0.005216,0.005297,233739.32
2020-08-21,0.005294,0.005383,0.005113,0.005127,251863.25
2020-08-22,0.005132,0.00519,0.005068,0.005163,159489.16
2020-08-23,0.005163,0.005266,0.005032,0.005199,180087.51
2020-08-24,0.005199,0.00535,0.005169,0.005281,201053.38
2020-08-25,0.00528,0.005297,0.005032,0.005154,227014.59
2020-08-26,0.005153,0.005155,0.005047,0.00507,183754.88
2020-08-27,0.00507,0.005121,0.004831,0.004951,204590.17
2020-08-28,0.004953,0.005066,0.0049,0.004979,146247.76
2020-08-29,0.004978,0.005049,0.004962,0.004967,86555.86
2020-08-30,0.004967,0.005373,0.004964,0.00537,248169.36
2020-08-31,0.00537,0.005432,0.005188,0.00523,181311.65
2020-09-01,0.005231,0.005356,0.005172,0.005259,257087.05
2020-09-02,0.005258,0.005318,0.005018,0.005098,221875.36
2020-09-03,0.005096,0.005125,0.004517,0.004663,346978.86
2020-09-04,0.004662,0.004979,0.004536,0.004818,365947.45
2020-09-05,0.004819,0.004881,0.004594,0.004705,252617.48
2020-09-06,0.004704,0.004785,0.004617,0.004673,141526.28
2020-09-07,0.004672,0.004777,0.004567,0.004706,166393.43
2020-09-08,0.004707,0.004775,0.004623,0.004687,158382.13
2020-09-09,0.004686,0.004731,0.00466,0.004679,102434.06
2020-09-10,0.00468,0.004852,0.004664,0.004708,150926.56
2020-09-11,0.004706,0.004858,0.004643,0.004713,123379.34
2020-09-12,0.004713,0.0049,0.004699,0.004865,120520.77
2020-09-13,0.004867,0.004875,0.00462,0.004662,158138.54
2020-09-14,0.004662,0.004662,0.00455,0.004598,160700.81
2020-09-15,0.004599,0.004662,0.00447,0.004479,181490.73
2020-09-16,0.004478,0.00448,0.004353,0.004358,142068.82
2020-09-17,0.004358,0.004515,0.004357,0.004466,110784.89
2020-09-18,0.004465,0.004479,0.004389,0.004437,81537.37
2020-09-19,0.004438,0.004439,0.004367,0.004378,68617.84
2020-09-20,0.004378,0.004405,0.004233,0.004312,108690.9
2020-09-21,0.004312,0.004342,0.004041,0.004143,260359.79
2020-09-22,0.004143,0.004244,0.004124,0.004222,76972.95
2020-09-23,0.004225,0.004293,0.004165,0.004198,114212.83
2020-09-24,0.004198,0.004268,0.004172,0.004184,91321.03
2020-09-25,0.004185,0.004386,0.004144,0.004305,144813.7
2020-09-26,0.004305,0.004335,0.004231,0.004288,72969.91
2020-09-27,0.004289,0.004329,0.004207,0.004274,104093.69
2020-09-28,0.004277,0.004315,0.004205,0.004228,122357.9
2020-09-29,0.004228,0.004277,0.004204,0.004217,65011.01
2020-09-30,0.004213,0.00433,0.004204,0.004292,75440.45
2020-10-01,0.004292,0.004463,0.00428,0.004356,181765.55
2020-10-02,0.004353,0.004408,0.004163,0.004248,143052.09
2020-10-03,0.004249,0.004351,0.004244,0.004318,66400.35
2020-10-04,0.004318,0.004403,0.004295,0.004379,76785.28
2020-10-05,0.004378,0.004385,0.004262,0.004294,82033.33
2020-10-06,0.004296,0.004491,0.004279,0.004335,162280.86
2020-10-07,0.00434,0.004398,0.00427,0.004366,98709.5
2020-10-08,0.004365,0.004374,0.0043,0.004323,85619.9
2020-10-09,0.00432,0.004345,0.004291,0.004322,79853.17
2020-10-10,0.004322,0.004432,0.004261,0.004327,149246.76
2020-10-11,0.004328,0.004493,0.004315,0.00444,126861.84
2020-10-12,0.00444,0.004473,0.004362,0.004386,137485.01
2020-10-13,0.004387,0.004399,0.004316,0.00437,79547.91
2020-10-14,0.00437,0.004448,0.00434,0.004362,60333.11
2020-10-15,0.004362,0.00441,0.004285,0.004307,63620.43
2020-10-16,0.004304,0.004325,0.004064,0.004205,135347.9
2020-10-17,0.004205,0.004207,0.004107,0.00413,45382.93
2020-10-18,0.00413,0.004177,0.004123,0.004133,48949.24
2020-10-19,0.004133,0.004135,0.00408,0.004084,65139.5
2020-10-20,0.004084,0.004119,0.003895,0.003935,88212.96
2020-10-21,0.003937,0.004243,0.003905,0.004145,301936.09
2020-10-22,0.004145,0.004405,0.004145,0.004191,289467.88
2020-10-23,0.004192,0.004387,0.004134,0.004287,201487.37
2020-10-24,0.004287,0.004574,0.00425,0.004518,237750.85
2020-10-25,0.004514,0.004622,0.004365,0.004515,208956.87
2020-10-26,0.004515,0.004535,0.004282,0.004351,192764.43
2020-10-27,0.004352,0.004444,0.004196,0.004246,170344.62
2020-10-28,0.004246,0.00441,0.004165,0.004202,236182.74
2020-10-29,0.004204,0.004258,0.00404,0.004079,129677.65
2020-10-30,0.004077,0.00413,0.003956,0.003984,116118.58
2020-10-31,0.003984,0.004067,0.003961,0.004041,132715.46
2020-11-01,0.004041,0.004064,0.003955,0.00404,70311.16
2020-11-02,0.004042,0.00411,0.003948,0.003969,118774.09
2020-11-03,0.003969,0.004,0.003828,0.003848,111910.53
2020-11-04,0.003847,0.003904,0.003748,0.003865,165203.96
2020-11-05,0.003867,0.003959,0.003731,0.003781,246465.26
2020-11-06,0.003781,0.004075,0.003778,0.004055,324398.05
2020-11-07,0.004057,0.004154,0.003903,0.003976,358708.86
2020-11-08,0.003974,0.004027,0.003909,0.003941,116756.24
2020-11-09,0.00394,0.003965,0.003831,0.003864,133788.27
2020-11-10,0.003864,0.00388,0.003777,0.003786,118799.35
2020-11-11,0.00379,0.003898,0.003685,0.003777,155992.74
2020-11-12,0.003777,0.003781,0.003633,0.003725,174743.59
2020-11-13,0.003727,0.004107,0.003695,0.004041,504333.62
2020-11-14,0.004041,0.004062,0.00392,0.003972,177501.05
2020-11-15,0.003971,0.004005,0.003866,0.003904,114368.29
2020-11-16,0.003904,0.004451,0.0039,0.00442,476283.09
2020-11-17,0.004419,0.004523,0.004115,0.004322,615832.45
2020-11-18,0.004321,0.004356,0.003911,0.004131,515916.33
2020-11-19,0.004129,0.00464,0.004081,0.004581,534410.07
2020-11-20,0.004577,0.004694,0.004342,0.004421,523303.19
2020-11-21,0.004426,0.004692,0.004336,0.004658,498132.47
2020-11-22,0.004657,0.0047,0.004404,0.004502,357803.1
2020-11-23,0.0045,0.004879,0.004481,0.004849,485262.48
2020-11-24,0.004848,0.005062,0.004528,0.00466,669451.51
2020-11-25,0.004661,0.004728,0.004207,0.004369,373065.52
2020-11-26,0.004366,0.004466,0.00395,0.004139,679001.46
2020-11-27,0.00414,0.004226,0.003963,0.004036,370233.58
2020-11-28,0.004036,0.004204,0.004004,0.004102,329401.02
2020-11-29,0.004104,0.004435,0.004075,0.004337,397034.99
2020-11-30,0.004337,0.004538,0.004152,0.004451,532371.57
2020-12-01,0.004449,0.004823,0.004284,0.004535,899139.12
2020-12-02,0.004534,0.004713,0.004477,0.004632,388494.57
2020-12-03,0.004629,0.004684,0.004524,0.004583,295675.79
2020-12-04,0.004583,0.0046,0.004187,0.004264,343895.18
2020-12-05,0.004263,0.0044,0.004236,0.004343,271213.88
2020-12-06,0.004341,0.004417,0.004252,0.004318,192703.04
2020-12-07,0.004315,0.004517,0.004281,0.00435,230739.41
2020-12-08,0.00435,0.004416,0.004107,0.004189,242275.92
2020-12-09,0.004187,0.004221,0.004081,0.004175,230520.95
2020-12-10,0.004174,0.004186,0.00406,0.004093,146689.47
2020-12-11,0.004094,0.004105,0.003948,0.004005,269717.71
2020-12-12,0.004001,0.004127,0.003995,0.004077,192121.82
2020-12-13,0.004076,0.004352,0.004024,0.004289,248759.85
2020-12-14,0.004289,0.004297,0.00415,0.004273,238312.08
2020-12-15,0.004275,0.004349,0.004181,0.004187,290903.66
2020-12-16,0.004187,0.004377,0.004057,0.004358,605521.66
2020-12-17,0.004357,0.00467,0.003997,0.00443,1062713.79
2020-12-18,0.00443,0.00489,0.00439,0.004732,758743.62
2020-12-19,0.004731,0.005175,0.0046,0.005031,700499.4
2020-12-20,0.005032,0.005227,0.004738,0.004884,579990.11
2020-12-21,0.004885,0.004946,0.004509,0.004596,668791.89
2020-12-22,0.004598,0.004681,0.004391,0.004517,293337.33
