Date,Open,High,Low,Close,Adj Close,Volume
2019-11-28,0.02933,0.030702,0.0261,0.029318,0.029318,5235.618
2019-11-29,0.029315,0.0299,0.0288,0.028941,0.028941,12177.097
2019-11-30,0.028921,0.028994,0.028576,0.028825,0.028825,8003.037
2019-12-01,0.028825,0.029298,0.028744,0.028989,0.028989,9630.516
2019-12-02,0.028989,0.02946,0.028954,0.029287,0.029287,11875.652
2019-12-03,0.029287,0.029397,0.0289,0.028984,0.028984,6971.853
2019-12-04,0.029005,0.029258,0.028199,0.028839,0.028839,20177.077
2019-12-05,0.028846,0.02901,0.028377,0.028632,0.028632,13313.237
2019-12-06,0.028644,0.028869,0.028147,0.028262,0.028262,10563.768
2019-12-07,0.028285,0.028581,0.0281,0.028177,0.028177,5458.611
2019-12-08,0.028178,0.028481,0.027955,0.028293,0.028293,6864.978
2019-12-09,0.028293,0.028535,0.02796,0.028352,0.028352,10549.557
2019-12-10,0.028367,0.028661,0.028152,0.0286,0.0286,11491.413
2019-12-11,0.0286,0.028763,0.0284,0.028716,0.028716,5637.001
2019-12-12,0.028716,0.0289,0.028461,0.028712,0.028712,7044.522
2019-12-13,0.028712,0.029275,0.028571,0.029149,0.029149,10264.869
2019-12-14,0.029149,0.029337,0.029017,0.029139,0.029139,12096.912
2019-12-15,0.029139,0.029337,0.028787,0.029069,0.029069,8987.27
2019-12-16,0.029045,0.02925,0.0282,0.028472,0.028472,19498.976
2019-12-17,0.028472,0.028545,0.026054,0.026635,0.026635,31481.962
2019-12-18,0.026652,0.027124,0.025748,0.025986,0.025986,30521.668
2019-12-19,0.025966,0.026467,0.025826,0.026009,0.026009,12920.841
2019-12-20,0.026009,0.026519,0.025863,0.026071,0.026071,9799.508
2019-12-21,0.02607,0.026337,0.025908,0.026096,0.026096,4741.904
2019-12-22,0.026096,0.026623,0.025948,0.02617,0.02617,8475.019
2019-12-23,0.026157,0.026255,0.0256,0.025915,0.025915,8526.2
2019-12-24,0.025929,0.026197,0.0256,0.025941,0.025941,8699.651
2019-12-25,0.025938,0.026029,0.02545,0.02573,0.02573,5441.747
2019-12-26,0.02573,0.026499,0.02558,0.026048,0.026048,10247.947
2019-12-27,0.026049,0.028149,0.025959,0.028021,0.028021,35736.158
2019-12-28,0.028012,0.028767,0.027954,0.028208,0.028208,24304.2
2019-12-29,0.028187,0.029101,0.028012,0.028733,0.028733,19110.615
2019-12-30,0.028739,0.029095,0.028406,0.02878,0.02878,14937.218
2019-12-31,0.028783,0.029349,0.028114,0.028439,0.028439,19638.207
2020-01-01,0.028441,0.028878,0.028273,0.028371,0.028371,7292.824
2020-01-02,0.02837,0.028572,0.027745,0.028058,0.028058,13879.346
2020-01-03,0.028066,0.0305,0.02781,0.030286,0.030286,42789.977
2020-01-04,0.030286,0.030889,0.030062,0.030531,0.030531,21450.54
2020-01-05,0.030531,0.030728,0.02976,0.030287,0.030287,18140.82
2020-01-06,0.030294,0.032169,0.030207,0.031491,0.031491,34458.402
2020-01-07,0.031451,0.031497,0.029671,0.029762,0.029762,35205.018
2020-01-08,0.029725,0.0302,0.028439,0.029834,0.029834,44425.266
2020-01-09,0.029816,0.030632,0.02962,0.030445,0.030445,19672.413
2020-01-10,0.030465,0.033619,0.030087,0.033162,0.033162,81475.403
2020-01-11,0.033159,0.033913,0.032101,0.032521,0.032521,48602.13
2020-01-12,0.032507,0.033266,0.032288,0.033061,0.033061,27017.504
2020-01-13,0.033095,0.033323,0.032341,0.032942,0.032942,23400.515
2020-01-14,0.032955,0.0422,0.032934,0.039518,0.039518,198436.247
2020-01-15,0.039517,0.040864,0.03648,0.038518,0.038518,124179.109
2020-01-16,0.038531,0.038717,0.03602,0.037476,0.037476,61515.366
2020-01-17,0.037453,0.042892,0.036834,0.041284,0.041284,102103.523
2020-01-18,0.04129,0.045142,0.037262,0.03803,0.03803,152725.257
2020-01-19,0.038035,0.04,0.0373,0.039001,0.039001,73017.214
2020-01-20,0.039005,0.04061,0.037719,0.0397,0.0397,36970.662
2020-01-21,0.039702,0.040091,0.038924,0.039313,0.039313,23218.696
2020-01-22,0.039313,0.040277,0.038923,0.040192,0.040192,19514.647
2020-01-23,0.040176,0.040399,0.038,0.03867,0.03867,30850.252
2020-01-24,0.038689,0.03895,0.035921,0.037785,0.037785,45402.478
2020-01-25,0.03775,0.037973,0.036544,0.037191,0.037191,18537.609
2020-01-26,0.037178,0.040727,0.037044,0.040447,0.040447,41379.339
2020-01-27,0.040435,0.043005,0.040085,0.040731,0.040731,50550.698
2020-01-28,0.040731,0.042038,0.040169,0.040362,0.040362,50575.009
2020-01-29,0.040369,0.042274,0.04033,0.040847,0.040847,42639.571
2020-01-30,0.040904,0.0421,0.0403,0.041279,0.041279,40480.645
2020-01-31,0.041261,0.04145,0.03938,0.040121,0.040121,33838.671
2020-02-01,0.040072,0.041223,0.03996,0.0405,0.0405,20295.372
2020-02-02,0.040501,0.041,0.03992,0.040433,0.040433,20440.352
2020-02-03,0.04043,0.041455,0.040264,0.041346,0.041346,24472.166
2020-02-04,0.041353,0.04175,0.0409,0.041421,0.041421,17444.376
2020-02-05,0.041422,0.04635,0.041177,0.046321,0.046321,60293.769
2020-02-06,0.046268,0.046579,0.043019,0.045607,0.045607,34871.227
2020-02-07,0.045589,0.04679,0.044322,0.044769,0.044769,30077.269
2020-02-08,0.044797,0.046355,0.043926,0.044928,0.044928,25762.096
2020-02-09,0.044923,0.046064,0.043379,0.044307,0.044307,28317.508
2020-02-10,0.044258,0.046846,0.043807,0.045881,0.045881,33611.287
2020-02-11,0.045875,0.046493,0.044641,0.045154,0.045154,32416.779
2020-02-12,0.045157,0.046625,0.045104,0.045819,0.045819,35258.343
2020-02-13,0.045858,0.046668,0.045213,0.046668,0.046668,36624.204
2020-02-14,0.046653,0.04843,0.045875,0.047738,0.047738,35124.033
2020-02-15,0.047718,0.047937,0.042104,0.044324,0.044324,52292.41
2020-02-16,0.044303,0.045759,0.039357,0.04156,0.04156,59763.92
2020-02-17,0.041555,0.042689,0.037587,0.042535,0.042535,85199.889
2020-02-18,0.042552,0.042631,0.04,0.041347,0.041347,42718.809
2020-02-19,0.041349,0.041698,0.038669,0.039439,0.039439,30880.81
2020-02-20,0.039418,0.040442,0.037375,0.03864,0.03864,41586.606
2020-02-21,0.03864,0.0399,0.038361,0.039012,0.039012,24849.024
2020-02-22,0.039049,0.039351,0.038261,0.038668,0.038668,17660.61
2020-02-23,0.038656,0.040621,0.038586,0.040416,0.040416,32905.036
2020-02-24,0.040412,0.040889,0.0382,0.039168,0.039168,32320.702
2020-02-25,0.039159,0.039262,0.037195,0.037897,0.037897,36659.319
2020-02-26,0.037849,0.038651,0.034201,0.036027,0.036027,76630.408
2020-02-27,0.036077,0.038138,0.035698,0.036786,0.036786,44059.796
2020-02-28,0.036789,0.037068,0.035306,0.036247,0.036247,31597.08
2020-02-29,0.036247,0.036789,0.035596,0.035897,0.035897,17327.526
2020-03-01,0.035884,0.037483,0.035867,0.036553,0.036553,21893.54
2020-03-02,0.036539,0.038438,0.036532,0.038025,0.038025,33234.718
2020-03-03,0.038056,0.038187,0.03705,0.037626,0.037626,26207.436
2020-03-04,0.037608,0.037749,0.03575,0.036523,0.036523,22455.266
2020-03-05,0.036513,0.037863,0.036451,0.037236,0.037236,24321.361
2020-03-06,0.037209,0.038693,0.036974,0.038393,0.038393,26235.362
2020-03-07,0.038393,0.038429,0.036988,0.037218,0.037218,17962.673
2020-03-08,0.037205,0.037205,0.032557,0.033943,0.033943,64238.171
2020-03-09,0.033965,0.035166,0.0325,0.034478,0.034478,67722.878
2020-03-10,0.034421,0.034574,0.03346,0.034432,0.034432,28993.264
2020-03-11,0.03444,0.03458,0.03287,0.033677,0.033677,21921.52
2020-03-12,0.033646,0.033764,0.0275,0.030015,0.030015,179069.212
2020-03-13,0.03005,0.035848,0.029,0.031826,0.031826,270060.548
2020-03-14,0.031785,0.032486,0.031467,0.032294,0.032294,54634.027
2020-03-15,0.0323,0.033874,0.03176,0.033231,0.033231,53251.574
2020-03-16,0.033203,0.03462,0.032639,0.034319,0.034319,95406.049
2020-03-17,0.034311,0.034791,0.033639,0.0343,0.0343,45365.136
2020-03-18,0.034347,0.034714,0.033581,0.034268,0.034268,38960.837
2020-03-19,0.034268,0.037571,0.03258,0.035839,0.035839,99688.954
2020-03-20,0.035835,0.037185,0.033268,0.034635,0.034635,92939.289
2020-03-21,0.034657,0.03595,0.034438,0.03558,0.03558,40768.721
2020-03-22,0.035552,0.036559,0.033797,0.034852,0.034852,45848.893
2020-03-23,0.03484,0.035493,0.033885,0.034186,0.034186,42995.565
2020-03-24,0.034178,0.034401,0.033459,0.033712,0.033712,28968.742
2020-03-25,0.033743,0.033931,0.032815,0.033047,0.033047,28210.551
2020-03-26,0.033045,0.034039,0.032935,0.033828,0.033828,24183.662
2020-03-27,0.033809,0.034284,0.033223,0.033521,0.033521,31828.646
2020-03-28,0.033523,0.034579,0.03303,0.034273,0.034273,30897.328
2020-03-29,0.034273,0.03535,0.034079,0.034957,0.034957,22904.932
2020-03-30,0.034958,0.035367,0.034047,0.034414,0.034414,30286.427
2020-03-31,0.034399,0.034497,0.033776,0.034064,0.034064,21445.705
2020-04-01,0.034065,0.03534,0.033583,0.033686,0.033686,34140.494
2020-04-02,0.033683,0.034912,0.033557,0.034116,0.034116,38284.072
2020-04-03,0.034084,0.0352,0.034013,0.035054,0.035054,30218.529
2020-04-04,0.035055,0.03518,0.034551,0.034702,0.034702,23518.661
2020-04-05,0.034691,0.034971,0.033542,0.0341,0.0341,20577.619
2020-04-06,0.0341,0.035816,0.033932,0.035203,0.035203,44974.117
2020-04-07,0.035202,0.035679,0.03465,0.035065,0.035065,38680.905
2020-04-08,0.035083,0.038135,0.034894,0.036316,0.036316,100898.599
2020-04-09,0.036314,0.037268,0.035025,0.03512,0.03512,37124.978
2020-04-10,0.03512,0.035515,0.033439,0.033913,0.033913,57457.988
2020-04-11,0.033936,0.034743,0.032779,0.033883,0.033883,32073.168
2020-04-12,0.033881,0.034198,0.033458,0.033766,0.033766,25186.532
2020-04-13,0.03374,0.034134,0.032367,0.032688,0.032688,52674.364
2020-04-14,0.032685,0.03305,0.031626,0.032464,0.032464,39509.449
2020-04-15,0.032448,0.032993,0.032245,0.03248,0.03248,24294.422
2020-04-16,0.032462,0.033432,0.031813,0.03309,0.03309,49117.569
2020-04-17,0.033092,0.033208,0.032645,0.033003,0.033003,19729.836
2020-04-18,0.03299,0.034111,0.032877,0.033604,0.033604,25108.713
2020-04-19,0.033618,0.033866,0.032478,0.03248,0.03248,21515.56
2020-04-20,0.032484,0.033146,0.031911,0.032077,0.032077,31184.543
2020-04-21,0.032063,0.032527,0.031614,0.032098,0.032098,24702.943
2020-04-22,0.032081,0.03298,0.0319,0.032684,0.032684,24012.804
2020-04-23,0.032684,0.032755,0.031621,0.031736,0.031736,25143.709
2020-04-24,0.031709,0.032036,0.031202,0.031686,0.031686,25332.408
2020-04-25,0.031698,0.032134,0.0315,0.031579,0.031579,18245.181
2020-04-26,0.03158,0.03238,0.031531,0.032009,0.032009,21374.616
2020-04-27,0.03201,0.032045,0.030617,0.031234,0.031234,33244.075
2020-04-28,0.031242,0.031374,0.030911,0.031167,0.031167,21107.557
2020-04-29,0.031167,0.031512,0.029102,0.029359,0.029359,53730.931
2020-04-30,0.029353,0.030679,0.0285,0.028998,0.028998,42789.776
2020-05-01,0.029004,0.029328,0.028623,0.028862,0.028862,23613.4
2020-05-02,0.028858,0.0294,0.028565,0.029095,0.029095,18702.172
2020-05-03,0.029061,0.02962,0.028067,0.028295,0.028295,27116.145
2020-05-04,0.028297,0.028297,0.027531,0.02771,0.02771,23845.306
2020-05-05,0.027709,0.027932,0.027343,0.027374,0.027374,17043.223
2020-05-06,0.027366,0.027541,0.026303,0.026384,0.026384,21146.457
2020-05-07,0.026373,0.026691,0.024837,0.025244,0.025244,33560.04
2020-05-08,0.02523,0.026771,0.025207,0.026542,0.026542,43372.893
2020-05-09,0.026541,0.02856,0.0265,0.027798,0.027798,75789.92
2020-05-10,0.027814,0.02812,0.026274,0.026673,0.026673,78302.058
2020-05-11,0.026674,0.0275,0.025919,0.027482,0.027482,56642.305
2020-05-12,0.0275,0.027664,0.026124,0.026462,0.026462,37795.611
2020-05-13,0.026462,0.026504,0.02542,0.025719,0.025719,29688.828
2020-05-14,0.025712,0.025741,0.024576,0.024782,0.024782,38623.553
2020-05-15,0.024779,0.025429,0.024667,0.025232,0.025232,33675.204
2020-05-16,0.025215,0.0255,0.024993,0.025211,0.025211,25314.262
2020-05-17,0.025211,0.025286,0.024714,0.024872,0.024872,19901.272
2020-05-18,0.024862,0.0264,0.024688,0.025526,0.025526,45649.148
2020-05-19,0.025539,0.02575,0.025205,0.025256,0.025256,30279.696
2020-05-20,0.025233,0.025515,0.025042,0.0252,0.0252,28381.308
2020-05-21,0.025199,0.025436,0.024919,0.025168,0.025168,36079.501
2020-05-22,0.025168,0.025705,0.024956,0.025596,0.025596,27832.89
2020-05-23,0.025595,0.025808,0.025337,0.025518,0.025518,22780.639
2020-05-24,0.025517,0.025771,0.025148,0.02557,0.02557,28517.975
2020-05-25,0.025547,0.026359,0.025504,0.025899,0.025899,30383.175
2020-05-26,0.025909,0.025957,0.025454,0.025797,0.025797,20309.95
2020-05-27,0.025803,0.02583,0.025262,0.025307,0.025307,19615.8
2020-05-28,0.025286,0.025323,0.02466,0.025049,0.025049,29438.527
2020-05-29,0.025048,0.0255,0.024965,0.025288,0.025288,21152.413
2020-05-30,0.025286,0.026166,0.025203,0.026036,0.026036,37462.373
2020-05-31,0.026033,0.02617,0.025156,0.025253,0.025253,28396.877
2020-06-01,0.025248,0.025593,0.024546,0.024838,0.024838,33540.525
2020-06-02,0.024815,0.02673,0.02475,0.026358,0.026358,67930.21
2020-06-03,0.026351,0.026457,0.025983,0.026199,0.026199,25033.789
2020-06-04,0.02619,0.026962,0.025839,0.026161,0.026161,32470.327
2020-06-05,0.026172,0.026786,0.026071,0.026614,0.026614,25877.255
2020-06-06,0.026617,0.026774,0.026099,0.026193,0.026193,19720.277
2020-06-07,0.02619,0.026494,0.025759,0.026013,0.026013,23460.766
2020-06-08,0.026013,0.026348,0.025934,0.026103,0.026103,14260.809
2020-06-09,0.026099,0.026323,0.025849,0.025994,0.025994,12333.08
2020-06-10,0.025997,0.026474,0.025688,0.025993,0.025993,27443.961
2020-06-11,0.025998,0.026054,0.025205,0.025307,0.025307,24922.932
2020-06-12,0.025301,0.025646,0.025184,0.025446,0.025446,17135.723
2020-06-13,0.025446,0.025583,0.02523,0.025407,0.025407,10027.407
2020-06-14,0.025408,0.02547,0.025185,0.025422,0.025422,10449.968
2020-06-15,0.025425,0.02553,0.024801,0.025,0.025,23695.763
2020-06-16,0.025001,0.025095,0.024574,0.024933,0.024933,16500.927
2020-06-17,0.024929,0.025567,0.024869,0.025402,0.025402,20119.354
2020-06-18,0.0254,0.025477,0.024977,0.025147,0.025147,10197.804
2020-06-19,0.025147,0.025212,0.024901,0.025074,0.025074,13891.285
2020-06-20,0.025071,0.025213,0.024716,0.02487,0.02487,15910.549
2020-06-21,0.024873,0.024938,0.024733,0.024777,0.024777,11689.515
2020-06-22,0.024777,0.025354,0.024739,0.024886,0.024886,21262.127
2020-06-23,0.024882,0.025272,0.024832,0.025008,0.025008,25894.17
2020-06-24,0.025002,0.025402,0.024886,0.025031,0.025031,26266.986
2020-06-25,0.02503,0.025367,0.02496,0.025139,0.025139,19135.875
2020-06-26,0.025139,0.025321,0.025001,0.025177,0.025177,22780.838
2020-06-27,0.025178,0.025242,0.023068,0.024012,0.024012,33854.161
2020-06-28,0.02401,0.024612,0.023836,0.024405,0.024405,19942.524
2020-06-29,0.024411,0.024655,0.0241,0.024512,0.024512,21558.989
2020-06-30,0.024512,0.02461,0.024147,0.024306,0.024306,12732.121
2020-07-01,0.024306,0.024703,0.0241,0.024238,0.024238,18737.709
2020-07-02,0.024239,0.024387,0.024102,0.024169,0.024169,18831.995
2020-07-03,0.024179,0.024559,0.024149,0.02437,0.02437,15006.745
2020-07-04,0.024372,0.024768,0.024338,0.024653,0.024653,13996.902
2020-07-05,0.024663,0.024706,0.024131,0.024493,0.024493,15284.019
2020-07-06,0.024501,0.026035,0.024004,0.025938,0.025938,47991.903
2020-07-07,0.025938,0.026092,0.025482,0.025689,0.025689,22796.267
2020-07-08,0.02569,0.026321,0.025549,0.025791,0.025791,36410.141
2020-07-09,0.025787,0.026088,0.02535,0.025788,0.025788,28490.982
2020-07-10,0.025793,0.026153,0.025475,0.025664,0.025664,23952.415
2020-07-11,0.025663,0.025781,0.0255,0.025624,0.025624,11948.631
2020-07-12,0.025626,0.025734,0.025231,0.025526,0.025526,16520.236
2020-07-13,0.025525,0.025572,0.024321,0.025117,0.025117,35119.903
2020-07-14,0.025117,0.025124,0.024667,0.024868,0.024868,25647.23
2020-07-15,0.024863,0.024884,0.02458,0.024721,0.024721,21656.618
2020-07-16,0.024723,0.024745,0.023858,0.024547,0.024547,24077.467
2020-07-17,0.024547,0.024597,0.024258,0.024314,0.024314,10537.883
2020-07-18,0.024321,0.02471,0.02429,0.024464,0.024464,10755.946
2020-07-19,0.024463,0.024825,0.024155,0.024735,0.024735,22757.293
2020-07-20,0.024734,0.024789,0.024116,0.024316,0.024316,18546.519
2020-07-21,0.024315,0.024696,0.024267,0.024528,0.024528,22395.621
2020-07-22,0.024536,0.025188,0.024352,0.025187,0.025187,29843.379
2020-07-23,0.025189,0.025276,0.024676,0.024813,0.024813,31151.339
2020-07-24,0.02482,0.024924,0.024526,0.024646,0.024646,22659.443
2020-07-25,0.02464,0.026048,0.024634,0.025902,0.025902,40308.361
2020-07-26,0.025901,0.026299,0.024708,0.024916,0.024916,55577.541
2020-07-27,0.024912,0.0257,0.02405,0.024354,0.024354,77101.874
2020-07-28,0.024361,0.026916,0.024129,0.026478,0.026478,98884.348
2020-07-29,0.026487,0.02664,0.025571,0.02592,0.02592,57991.118
2020-07-30,0.025919,0.026904,0.025583,0.026271,0.026271,49240.296
2020-07-31,0.026273,0.02685,0.026051,0.02652,0.02652,47793.039
2020-08-01,0.026519,0.0273,0.02624,0.027069,0.027069,57201.215
2020-08-02,0.027064,0.028208,0.022715,0.025669,0.025669,126836.753
2020-08-03,0.025656,0.026677,0.025515,0.026454,0.026454,49472.309
2020-08-04,0.026453,0.026646,0.025401,0.02574,0.02574,41673.475
2020-08-05,0.02574,0.026029,0.024681,0.024997,0.024997,41630.294
2020-08-06,0.02499,0.026919,0.024726,0.026271,0.026271,76926.147
2020-08-07,0.026269,0.027566,0.02425,0.026061,0.026061,83478.002
2020-08-08,0.026067,0.02626,0.025616,0.025957,0.025957,37263.272
2020-08-09,0.025959,0.026324,0.025217,0.025675,0.025675,37508.352
2020-08-10,0.025675,0.025862,0.024755,0.025436,0.025436,97597.428
2020-08-11,0.02543,0.025666,0.024193,0.024722,0.024722,56553.414
2020-08-12,0.024714,0.025126,0.024237,0.024617,0.024617,37508.553
2020-08-13,0.024624,0.025315,0.024194,0.025107,0.025107,41109.218
2020-08-14,0.025109,0.025259,0.024672,0.024936,0.024936,41454.122
2020-08-15,0.024946,0.02594,0.02457,0.025494,0.025494,53436.06
2020-08-16,0.025503,0.026392,0.02512,0.025876,0.025876,63414.806
2020-08-17,0.02588,0.02675,0.02554,0.025898,0.025898,72962.214
2020-08-18,0.02589,0.02626,0.024937,0.025379,0.025379,48235.543
2020-08-19,0.025379,0.02572,0.024255,0.024908,0.024908,47219.176
2020-08-20,0.02491,0.025143,0.024658,0.024849,0.024849,23531.994
2020-08-21,0.024857,0.025827,0.024454,0.024544,0.024544,52671.889
2020-08-22,0.024551,0.024751,0.024193,0.024564,0.024564,25093.368
2020-08-23,0.024563,0.024655,0.02419,0.024438,0.024438,16835.87
2020-08-24,0.024432,0.025044,0.024308,0.024749,0.024749,21719.158
2020-08-25,0.024746,0.024817,0.023882,0.024343,0.024343,31815.213
2020-08-26,0.024343,0.024386,0.023946,0.023978,0.023978,20035.78
2020-08-27,0.023978,0.02419,0.02321,0.023366,0.023366,31334.21
2020-08-28,0.023364,0.023619,0.023134,0.023306,0.023306,21850.666
2020-08-29,0.023299,0.023644,0.023128,0.023373,0.023373,16725.321
2020-08-30,0.023378,0.023887,0.023274,0.023853,0.023853,25626.955
2020-08-31,0.023854,0.024071,0.023432,0.023479,0.023479,23065.28
2020-09-01,0.02348,0.02475,0.023212,0.0245,0.0245,53552.18
2020-09-02,0.024495,0.024713,0.021359,0.023163,0.023163,75030.967
2020-09-03,0.023174,0.023286,0.019983,0.021079,0.021079,77541.468
2020-09-04,0.021067,0.022793,0.02082,0.022021,0.022021,90558.4
2020-09-05,0.022015,0.022645,0.021423,0.022196,0.022196,73076.695
2020-09-06,0.0222,0.022709,0.021919,0.022213,0.022213,32398.236
2020-09-07,0.02221,0.022431,0.021757,0.022053,0.022053,48011.174
2020-09-08,0.022052,0.022366,0.021809,0.021966,0.021966,31406.093
2020-09-09,0.021965,0.022194,0.021861,0.021926,0.021926,19080.247
2020-09-10,0.021924,0.022211,0.021661,0.021995,0.021995,27224.513
2020-09-11,0.021999,0.022064,0.021595,0.021685,0.021685,21342.553
2020-09-12,0.021681,0.02205,0.021542,0.02205,0.02205,19166.68
2020-09-13,0.022053,0.0223,0.0213,0.021496,0.021496,28202.502
2020-09-14,0.021495,0.021748,0.02096,0.021159,0.021159,30882.208
2020-09-15,0.021154,0.0225,0.020969,0.021809,0.021809,54963.813
2020-09-16,0.02181,0.021858,0.020886,0.021073,0.021073,30809.526
2020-09-17,0.021073,0.021701,0.021004,0.02129,0.02129,23241.511
2020-09-18,0.021287,0.021796,0.021238,0.021404,0.021404,26075.821
2020-09-19,0.021397,0.021666,0.020991,0.021045,0.021045,24310.239
2020-09-20,0.02105,0.02123,0.020526,0.020719,0.020719,26083.942
2020-09-21,0.020695,0.020898,0.020069,0.020399,0.020399,39264.05
2020-09-22,0.020393,0.02091,0.020292,0.020898,0.020898,22798.439
2020-09-23,0.020896,0.020917,0.020023,0.020291,0.020291,23424.151
2020-09-24,0.020306,0.020645,0.020111,0.020149,0.020149,18485.317
2020-09-25,0.020138,0.020393,0.019867,0.020259,0.020259,31749.161
2020-09-26,0.02026,0.02092,0.01993,0.020626,0.020626,18394.294
2020-09-27,0.020629,0.021587,0.020345,0.021279,0.021279,28936.085
2020-09-28,0.021282,0.021549,0.020916,0.02111,0.02111,39230.334
2020-09-29,0.021121,0.021521,0.021006,0.021126,0.021126,20472.757
2020-09-30,0.021126,0.021438,0.021023,0.021154,0.021154,22833.623
2020-10-01,0.021154,0.021508,0.021079,0.021481,0.021481,27219.675
2020-10-02,0.021478,0.021494,0.02045,0.020776,0.020776,25494.639
2020-10-03,0.020782,0.020974,0.020658,0.020732,0.020732,8331.675
2020-10-04,0.020728,0.020912,0.020554,0.020704,0.020704,9960.892
2020-10-05,0.020707,0.020788,0.020468,0.020544,0.020544,12037.97
2020-10-06,0.020555,0.021441,0.020367,0.020718,0.020718,30486.267
2020-10-07,0.020723,0.021107,0.020497,0.020907,0.020907,14973.574
2020-10-08,0.020911,0.021749,0.020826,0.021403,0.021403,36222.046
2020-10-09,0.021412,0.021899,0.021307,0.02145,0.02145,37852.904
2020-10-10,0.021463,0.021628,0.020893,0.021007,0.021007,39834.417
2020-10-11,0.021009,0.021394,0.020815,0.021036,0.021036,28295.136
2020-10-12,0.021022,0.021112,0.020724,0.020789,0.020789,28082.34
2020-10-13,0.020789,0.022434,0.020756,0.022185,0.022185,48535.806
2020-10-14,0.022192,0.0228,0.021999,0.022691,0.022691,49153.152
2020-10-15,0.022691,0.023287,0.022481,0.022791,0.022791,47673.858
2020-10-16,0.022795,0.023094,0.021484,0.022112,0.022112,71327.351
2020-10-17,0.022111,0.022225,0.021321,0.021524,0.021524,30080.799
2020-10-18,0.021535,0.021866,0.021447,0.021678,0.021678,18848.859
2020-10-19,0.021676,0.02169,0.021157,0.021259,0.021259,25992.717
2020-10-20,0.021261,0.02129,0.01993,0.020218,0.020218,32731.053
2020-10-21,0.020213,0.021073,0.019927,0.02022,0.02022,58291.762
2020-10-22,0.020213,0.021224,0.020198,0.020665,0.020665,49547.366
2020-10-23,0.020667,0.02131,0.020574,0.020914,0.020914,34753.232
2020-10-24,0.020917,0.021437,0.020762,0.021035,0.021035,26675.362
2020-10-25,0.021036,0.02106,0.020543,0.020821,0.020821,25443.195
2020-10-26,0.020809,0.020917,0.019746,0.019876,0.019876,38363.666
2020-10-27,0.019875,0.020078,0.019159,0.019374,0.019374,43083.758
2020-10-28,0.019368,0.02107,0.019101,0.020204,0.020204,82970.257
2020-10-29,0.02021,0.020448,0.019597,0.019878,0.019878,44121.003
2020-10-30,0.01987,0.020067,0.019055,0.019318,0.019318,51066.859
2020-10-31,0.019313,0.019475,0.018861,0.018997,0.018997,34956.329
2020-11-01,0.018998,0.019579,0.018891,0.019485,0.019485,24276.303
2020-11-02,0.019481,0.019684,0.018848,0.018988,0.018988,41675.627
2020-11-03,0.018986,0.019074,0.01737,0.017416,0.017416,97814.506
2020-11-04,0.017416,0.01757,0.016794,0.017049,0.017049,48880.95
2020-11-05,0.017047,0.017362,0.01596,0.016007,0.016007,64315.714
2020-11-06,0.01601,0.01665,0.015786,0.016548,0.016548,73099.157
2020-11-07,0.016551,0.017831,0.016551,0.01713,0.01713,90678.63
2020-11-08,0.017136,0.018214,0.016929,0.017494,0.017494,50386.073
2020-11-09,0.017487,0.017628,0.016956,0.017242,0.017242,49379.757
2020-11-10,0.01724,0.017345,0.016692,0.016818,0.016818,39983.187
2020-11-11,0.016813,0.017015,0.016225,0.016379,0.016379,43607.78
2020-11-12,0.016376,0.016631,0.015883,0.015956,0.015956,50687.609
2020-11-13,0.015951,0.016125,0.015322,0.015881,0.015881,61987.469
2020-11-14,0.015882,0.016293,0.015811,0.015878,0.015878,27973.023
2020-11-15,0.015875,0.016265,0.014579,0.015071,0.015071,45581.862
2020-11-16,0.015071,0.015507,0.014626,0.014945,0.014945,60081.298
2020-11-17,0.014937,0.015251,0.014305,0.014459,0.014459,48528.476
2020-11-18,0.014463,0.014618,0.013496,0.013857,0.013857,44834.59
2020-11-19,0.01385,0.014158,0.013637,0.013817,0.013817,27183.098
2020-11-20,0.013816,0.014453,0.013521,0.013936,0.013936,52569.085
2020-11-21,0.013929,0.016404,0.013807,0.016307,0.016307,129136.871
2020-11-22,0.016309,0.017,0.015224,0.015682,0.015682,122238.099
2020-11-23,0.015701,0.017783,0.015596,0.017589,0.017589,140121.078
2020-11-24,0.017588,0.02005,0.017087,0.018165,0.018165,226077.005
2020-11-25,0.018157,0.019112,0.016107,0.01672,0.01672,147601.313
2020-11-26,0.016716,0.016999,0.015232,0.015825,0.015825,212361.768
2020-11-27,0.015826,0.016033,0.015442,0.015488,0.015488,76470.714
2020-11-28,0.015495,0.016274,0.015441,0.015575,0.015575,62356.85
2020-11-29,0.01559,0.015901,0.015309,0.015676,0.015676,41044.046
2020-11-30,0.015682,0.01659,0.015112,0.016117,0.016117,96508.866
2020-12-01,0.016119,0.016286,0.0145,0.015324,0.015324,122972.988
2020-12-02,0.015329,0.015614,0.015137,0.01532,0.01532,44214.696
2020-12-03,0.015314,0.015444,0.014908,0.01504,0.01504,35559.404
2020-12-04,0.015046,0.015825,0.014719,0.014989,0.014989,72354.832
2020-12-05,0.014988,0.015144,0.014822,0.015115,0.015115,26441.716
2020-12-06,0.01512,0.015195,0.014775,0.014786,0.014786,19892.604
2020-12-07,0.014783,0.015068,0.014715,0.014808,0.014808,23668.516
2020-12-08,0.014811,0.014831,0.014279,0.014616,0.014616,27459.951
2020-12-09,0.014627,0.014654,0.014368,0.014495,0.014495,35663.348
2020-12-10,0.014492,0.014761,0.014322,0.014559,0.014559,25805.548
2020-12-11,0.01456,0.014612,0.014325,0.014378,0.014378,42605.891
2020-12-12,0.014371,0.01463,0.014223,0.014239,0.014239,29900.474
2020-12-13,0.014241,0.014602,0.014129,0.01439,0.01439,29451.68
2020-12-14,0.014392,0.014505,0.013863,0.014371,0.014371,30892.345
2020-12-15,0.014372,0.015427,0.014161,0.014868,0.014868,75980.413
2020-12-16,0.014865,0.015,0.014289,0.014624,0.014624,113343.033
2020-12-17,0.014624,0.014895,0.013254,0.013621,0.013621,163121.988
2020-12-18,0.013625,0.013929,0.013431,0.013559,0.013559,84187.256
2020-12-19,0.013559,0.013954,0.013227,0.013349,0.013349,88449.701
2020-12-20,0.013346,0.015629,0.013321,0.014876,0.014876,138687.193
2020-12-21,0.014881,0.016063,0.013609,0.013787,0.013787,279779.263
2020-12-22,0.013794,0.013871,0.013152,0.01356,0.01356,128524.399
2020-12-23,0.013552,0.013615,0.011608,0.011855,0.011855,164659.935
2020-12-24,0.011849,0.012608,0.011707,0.012511,0.012511,101399.499
2020-12-25,0.012513,0.013274,0.012446,0.012917,0.012917,89285.553
2020-12-26,0.012917,0.01317,0.012137,0.012217,0.012217,126494.539
2020-12-27,0.012211,0.013475,0.01153,0.012859,0.012859,195895.885
2020-12-28,0.012856,0.013988,0.012569,0.013328,0.013328,138391.838
2020-12-29,0.013322,0.01357,0.012584,0.012879,0.012879,51695.92
2020-12-30,0.012878,0.013259,0.01229,0.01242,0.01242,37661.778
2020-12-31,0.012424,0.012436,0.011718,0.011818,0.011818,31794.2
2021-01-01,0.011826,0.012168,0.01154,0.011649,0.011649,31312.663
2021-01-02,0.011648,0.011836,0.010835,0.011008,0.011008,52710.915
2021-01-03,0.011015,0.012999,0.010523,0.012837,0.012837,106181.267
2021-01-04,0.012825,0.014029,0.012502,0.012679,0.012679,109751.669
2021-01-05,0.012673,0.013244,0.012,0.012306,0.012306,81137.728
2021-01-06,0.012319,0.013201,0.012009,0.012338,0.012338,115879.115
2021-01-07,0.012341,0.012503,0.011353,0.011372,0.011372,133501.272
2021-01-08,0.011361,0.011451,0.01056,0.010769,0.010769,113959.131
2021-01-09,0.010767,0.01463,0.010541,0.014358,0.014358,209122.357
2021-01-10,0.014344,0.01618,0.013601,0.015712,0.015712,334395.734
2021-01-11,0.01572,0.016,0.01301,0.013469,0.013469,284112.751
2021-01-12,0.013469,0.01408,0.013221,0.013271,0.013271,124556.362
2021-01-13,0.013271,0.014587,0.0131,0.013274,0.013274,81829.073
2021-01-14,0.013268,0.013539,0.012897,0.013457,0.013457,74771.912
2021-01-15,0.013466,0.013573,0.0131,0.013339,0.013339,31130.931
